FIPS,State,Area_name,Median_Income
1001,AL,Autauga,51868
1003,AL,Baldwin,47539
1005,AL,Barbour,30981
1007,AL,Bibb,39781
1009,AL,Blount,44392
1011,AL,Bullock,25937
1013,AL,Butler,31041
1015,AL,Calhoun,37898
1017,AL,Chambers,33883
1019,AL,Cherokee,37478
1021,AL,Chilton,41348
1023,AL,Choctaw,33581
1025,AL,Clarke,34593
1027,AL,Clay,33344
1029,AL,Cleburne,40407
1031,AL,Coffee,44666
1033,AL,Colbert,40032
1035,AL,Conecuh,27196
1037,AL,Coosa,35175
1039,AL,Covington,35187
1041,AL,Crenshaw,34105
1043,AL,Cullman,40142
1045,AL,Dale,41805
1047,AL,Dallas,27524
1049,AL,DeKalb,36713
1051,AL,Elmore,51650
1053,AL,Escambia,33455
1055,AL,Etowah,38587
1057,AL,Fayette,35661
1059,AL,Franklin,33332
1061,AL,Geneva,35378
1063,AL,Greene,25864
1065,AL,Hale,33597
1067,AL,Henry,41590
1069,AL,Houston,39636
1071,AL,Jackson,37204
1073,AL,Jefferson,45024
1075,AL,Lamar,36475
1077,AL,Lauderdale,43586
1079,AL,Lawrence,40713
1081,AL,Lee,44647
1083,AL,Limestone,50148
1085,AL,Lowndes,29734
1087,AL,Macon,29228
1089,AL,Madison,58258
1091,AL,Marengo,33749
1093,AL,Marion,34162
1095,AL,Marshall,38399
1097,AL,Mobile,42278
1099,AL,Monroe,32696
1101,AL,Montgomery,44013
1103,AL,Morgan,44079
1105,AL,Perry,25461
1107,AL,Pickens,32314
1109,AL,Pike,35944
1111,AL,Randolph,35121
1113,AL,Russell,35762
1115,AL,St. Clair,52437
1117,AL,Shelby,68718
1119,AL,Sumter,24504
1121,AL,Talladega,38505
1123,AL,Tallapoosa,37747
1125,AL,Tuscaloosa,45959
1127,AL,Walker,37193
1129,AL,Washington,41115
1131,AL,Wilcox,23184
1133,AL,Winston,33578
2013,AK,Aleutians East Borough,56856
2016,AK,Aleutians West Census Area,74088
2020,AK,Anchorage Borough/municipality,76362
2050,AK,Bethel Census Area,42876
2060,AK,Bristol Bay Borough,65283
2068,AK,Denali Borough,68103
2070,AK,Dillingham Census Area,47930
2090,AK,Fairbanks North Star Borough,67204
2100,AK,Haines Borough,55295
2105,AK,Hoonah-Angoon Census Area,42276
2110,AK,Juneau Borough/city,83642
2122,AK,Kenai Peninsula Borough,61629
2130,AK,Ketchikan Gateway Borough,62619
2150,AK,Kodiak Island Borough,64782
2158,AK,Kusilvak Census Area,#N/A
2164,AK,Lake and Peninsula Borough,43936
2170,AK,Matanuska-Susitna Borough,72371
2180,AK,Nome Census Area,46471
2185,AK,North Slope Borough,74174
2188,AK,Northwest Arctic Borough,54600
2195,AK,Petersburg Borough,58176
2198,AK,Prince of Wales-Hyder Census Area,48175
2220,AK,Sitka Borough/city,66038
2230,AK,Skagway Municipality,63930
2240,AK,Southeast Fairbanks Census Area,54922
2261,AK,Valdez-Cordova Census Area,63541
2275,AK,Wrangell Borough/city,49039
2282,AK,Yakutat Borough/city,56365
2290,AK,Yukon-Koyukuk Census Area,35114
4001,AZ,Apache,30252
4003,AZ,Cochise,45294
4005,AZ,Coconino,48732
4007,AZ,Gila,39868
4009,AZ,Graham,43497
4011,AZ,Greenlee,54673
4012,AZ,La Paz,33994
4013,AZ,Maricopa,52066
4015,AZ,Mohave,38560
4017,AZ,Navajo,37182
4019,AZ,Pima,43926
4021,AZ,Pinal,49887
4023,AZ,Santa Cruz,35753
4025,AZ,Yavapai,40486
4027,AZ,Yuma,40498
5001,AR,Arkansas,38497
5003,AR,Ashley,36479
5005,AR,Baxter,36082
5007,AR,Benton,56518
5009,AR,Boone,38410
5011,AR,Bradley,31733
5013,AR,Calhoun,37497
5015,AR,Carroll,34109
5017,AR,Chicot,28006
5019,AR,Clark,36517
5021,AR,Clay,33488
5023,AR,Cleburne,41612
5025,AR,Cleveland,42414
5027,AR,Columbia,36927
5029,AR,Conway,38145
5031,AR,Craighead,41608
5033,AR,Crawford,39384
5035,AR,Crittenden,37726
5037,AR,Cross,35438
5039,AR,Dallas,32591
5041,AR,Desha,30241
5043,AR,Drew,35249
5045,AR,Faulkner,49936
5047,AR,Franklin,38874
5049,AR,Fulton,33439
5051,AR,Garland,39057
5053,AR,Grant,47089
5055,AR,Greene,40840
5057,AR,Hempstead,33715
5059,AR,Hot Spring,39927
5061,AR,Howard,32740
5063,AR,Independence,37761
5065,AR,Izard,33308
5067,AR,Jackson,32923
5069,AR,Jefferson,36169
5071,AR,Johnson,33634
5073,AR,Lafayette,30642
5075,AR,Lawrence,34740
5077,AR,Lee,27068
5079,AR,Lincoln,36062
5081,AR,Little River,36310
5083,AR,Logan,34090
5085,AR,Lonoke,55648
5087,AR,Madison,36358
5089,AR,Marion,34217
5091,AR,Miller,40005
5093,AR,Mississippi,34285
5095,AR,Monroe,29870
5097,AR,Montgomery,31763
5099,AR,Nevada,33341
5101,AR,Newton,31824
5103,AR,Ouachita,35006
5105,AR,Perry,42328
5107,AR,Phillips,25894
5109,AR,Pike,35592
5111,AR,Poinsett,34113
5113,AR,Polk,31818
5115,AR,Pope,39704
5117,AR,Prairie,38921
5119,AR,Pulaski,46526
5121,AR,Randolph,33148
5123,AR,St. Francis,29011
5125,AR,Saline,54921
5127,AR,Scott,32404
5129,AR,Searcy,27299
5131,AR,Sebastian,41685
5133,AR,Sevier,33698
5135,AR,Sharp,31224
5137,AR,Stone,27522
5139,AR,Union,38132
5141,AR,Van Buren,35111
5143,AR,Washington,43302
5145,AR,White,43363
5147,AR,Woodruff,29159
5149,AR,Yell,34679
6001,CA,Alameda,72128
6003,CA,Alpine,49392
6005,CA,Amador,52357
6007,CA,Butte,42395
6009,CA,Calaveras,52598
6011,CA,Colusa,48897
6013,CA,Contra Costa,78909
6015,CA,Del Norte,38663
6017,CA,El Dorado,63002
6019,CA,Fresno,43741
6021,CA,Glenn,42129
6023,CA,Humboldt,40882
6025,CA,Imperial,40106
6027,CA,Inyo,45784
6029,CA,Kern,46688
6031,CA,Kings,45794
6033,CA,Lake,36973
6035,CA,Lassen,50487
6037,CA,Los Angeles,54443
6039,CA,Madera,41223
6041,CA,Marin,94347
6043,CA,Mariposa,45251
6045,CA,Mendocino,42001
6047,CA,Merced,41003
6049,CA,Modoc,37055
6051,CA,Mono,55107
6053,CA,Monterey,55411
6055,CA,Napa,68619
6057,CA,Nevada,55246
6059,CA,Orange,73827
6061,CA,Placer,73643
6063,CA,Plumas,47645
6065,CA,Riverside,53909
6067,CA,Sacramento,52980
6069,CA,San Benito,66780
6071,CA,San Bernardino,52112
6073,CA,San Diego,61365
6075,CA,San Francisco/city,76933
6077,CA,San Joaquin,51219
6079,CA,San Luis Obispo,57743
6081,CA,San Mateo,91061
6083,CA,Santa Barbara,60803
6085,CA,Santa Clara,91843
6087,CA,Santa Cruz,65282
6089,CA,Shasta,41236
6091,CA,Sierra,46449
6093,CA,Siskiyou,37108
6095,CA,Solano,63398
6097,CA,Sonoma,61020
6099,CA,Stanislaus,47808
6101,CA,Sutter,47903
6103,CA,Tehama,43459
6105,CA,Trinity,35708
6107,CA,Tulare,39657
6109,CA,Tuolumne,50774
6111,CA,Ventura,76513
6113,CA,Yolo,55011
6115,CA,Yuba,41824
8001,CO,Adams,54876
8003,CO,Alamosa,37484
8005,CO,Arapahoe,61092
8007,CO,Archuleta,44417
8009,CO,Baca,35787
8011,CO,Bent,34440
8013,CO,Boulder,71405
8014,CO,Broomfield/city,79117
8015,CO,Chaffee,48012
8017,CO,Cheyenne,50379
8019,CO,Clear Creek,63489
8021,CO,Conejos,34923
8023,CO,Costilla,28233
8025,CO,Crowley,31477
8027,CO,Custer,47268
8029,CO,Delta,41730
8031,CO,Denver/city,51156
8033,CO,Dolores,42416
8035,CO,Douglas,105192
8037,CO,Eagle,78517
8039,CO,Elbert,80972
8041,CO,El Paso,57072
8043,CO,Fremont,41412
8045,CO,Garfield,57364
8047,CO,Gilpin,64962
8049,CO,Grand,57312
8051,CO,Gunnison,48391
8053,CO,Hinsdale,52188
8055,CO,Huerfano,32418
8057,CO,Jackson,43549
8059,CO,Jefferson,68161
8061,CO,Kiowa,42378
8063,CO,Kit Carson,39633
8065,CO,Lake,47547
8067,CO,La Plata,58675
8069,CO,Larimer,59337
8071,CO,Las Animas,38547
8073,CO,Lincoln,41510
8075,CO,Logan,43561
8077,CO,Mesa,48108
8079,CO,Mineral,50286
8081,CO,Moffat,58890
8083,CO,Montezuma,43655
8085,CO,Montrose,43946
8087,CO,Morgan,46332
8089,CO,Otero,36811
8091,CO,Ouray,58137
8093,CO,Park,57510
8095,CO,Phillips,46805
8097,CO,Pitkin,71012
8099,CO,Prowers,38830
8101,CO,Pueblo,41352
8103,CO,Rio Blanco,59364
8105,CO,Rio Grande,39834
8107,CO,Routt,63763
8109,CO,Saguache,35310
8111,CO,San Juan,41683
8113,CO,San Miguel,53674
8115,CO,Sedgwick,39980
8117,CO,Summit,63236
8119,CO,Teller,62725
8121,CO,Washington,45572
8123,CO,Weld,58404
8125,CO,Yuma,45487
9001,CT,Fairfield,81816
9003,CT,Hartford,63491
9005,CT,Litchfield,70519
9007,CT,Middlesex,75335
9009,CT,New Haven,58672
9011,CT,New London,62638
9013,CT,Tolland,73660
9015,CT,Windham,55948
10001,DE,Kent,53811
10003,DE,New Castle,63033
10005,DE,Sussex,50207
11001,DC,District of Columbia,66326
12001,FL,Alachua,39614
12003,FL,Baker,46505
12005,FL,Bay,45249
12007,FL,Bradford,40668
12009,FL,Brevard,46677
12011,FL,Broward,50343
12013,FL,Calhoun,33977
12015,FL,Charlotte,43611
12017,FL,Citrus,39285
12019,FL,Clay,57991
12021,FL,Collier,55584
12023,FL,Columbia,41722
12027,FL,DeSoto,33198
12029,FL,Dixie,31649
12031,FL,Duval,47876
12033,FL,Escambia,42742
12035,FL,Flagler,47872
12037,FL,Franklin,33471
12039,FL,Gadsden,34348
12041,FL,Gilchrist,39854
12043,FL,Glades,39003
12045,FL,Gulf,38880
12047,FL,Hamilton,33836
12049,FL,Hardee,34884
12051,FL,Hendry,37085
12053,FL,Hernando,39280
12055,FL,Highlands,34054
12057,FL,Hillsborough,49510
12059,FL,Holmes,33220
12061,FL,Indian River,44326
12063,FL,Jackson,36332
12065,FL,Jefferson,39494
12067,FL,Lafayette,37120
12069,FL,Lake,44244
12071,FL,Lee,46605
12073,FL,Leon,46975
12075,FL,Levy,33193
12077,FL,Liberty,36561
12079,FL,Madison,30391
12081,FL,Manatee,48066
12083,FL,Marion,38783
12085,FL,Martin,51159
12086,FL,Miami-Dade,41840
12087,FL,Monroe,50380
12089,FL,Nassau,56987
12091,FL,Okaloosa,54265
12093,FL,Okeechobee,35954
12095,FL,Orange,46675
12097,FL,Osceola,41592
12099,FL,Palm Beach,51768
12101,FL,Pasco,45454
12103,FL,Pinellas,43773
12105,FL,Polk,42447
12107,FL,Putnam,32852
12109,FL,St. Johns,66312
12111,FL,St. Lucie,42825
12113,FL,Santa Rosa,54876
12115,FL,Sarasota,48717
12117,FL,Seminole,55195
12119,FL,Sumter,52670
12121,FL,Suwannee,35666
12123,FL,Taylor,38370
12125,FL,Union,40841
12127,FL,Volusia,40908
12129,FL,Wakulla,47430
12131,FL,Walton,45357
12133,FL,Washington,35671
13001,GA,Appling,36915
13003,GA,Atkinson,30883
13005,GA,Bacon,33781
13007,GA,Baker,37135
13009,GA,Baldwin,35815
13011,GA,Banks,42495
13013,GA,Barrow,54668
13015,GA,Bartow,46330
13017,GA,Ben Hill,30090
13019,GA,Berrien,37903
13021,GA,Bibb,36816
13023,GA,Bleckley,40369
13025,GA,Brantley,36758
13027,GA,Brooks,34367
13029,GA,Bryan,66066
13031,GA,Bulloch,36484
13033,GA,Burke,32675
13035,GA,Butts,43330
13037,GA,Calhoun,30727
13039,GA,Camden,49098
13043,GA,Candler,31427
13045,GA,Carroll,45493
13047,GA,Catoosa,50847
13049,GA,Charlton,35165
13051,GA,Chatham,45254
13053,GA,Chattahoochee,46893
13055,GA,Chattooga,34440
13057,GA,Cherokee,67686
13059,GA,Clarke,32864
13061,GA,Clay,27102
13063,GA,Clayton,40606
13065,GA,Clinch,30094
13067,GA,Cobb,62866
13069,GA,Coffee,33615
13071,GA,Colquitt,33095
13073,GA,Columbia,72531
13075,GA,Cook,32327
13077,GA,Coweta,61469
13079,GA,Crawford,43392
13081,GA,Crisp,30481
13083,GA,Dade,43446
13085,GA,Dawson,52804
13087,GA,Decatur,34102
13089,GA,DeKalb,49894
13091,GA,Dodge,33893
13093,GA,Dooly,31620
13095,GA,Dougherty,31575
13097,GA,Douglas,51941
13099,GA,Early,32357
13101,GA,Echols,34809
13103,GA,Effingham,61062
13105,GA,Elbert,34487
13107,GA,Emanuel,30348
13109,GA,Evans,32838
13111,GA,Fannin,35673
13113,GA,Fayette,81368
13115,GA,Floyd,39381
13117,GA,Forsyth,87565
13119,GA,Franklin,40114
13121,GA,Fulton,55474
13123,GA,Gilmer,39323
13125,GA,Glascock,37955
13127,GA,Glynn,43533
13129,GA,Gordon,42291
13131,GA,Grady,35212
13133,GA,Greene,42842
13135,GA,Gwinnett,59081
13137,GA,Habersham,40530
13139,GA,Hall,46986
13141,GA,Hancock,26281
13143,GA,Haralson,39548
13145,GA,Harris,60977
13147,GA,Hart,40225
13149,GA,Heard,40123
13151,GA,Henry,60087
13153,GA,Houston,52297
13155,GA,Irwin,35854
13157,GA,Jackson,52385
13159,GA,Jasper,42343
13161,GA,Jeff Davis,34481
13163,GA,Jefferson,29152
13165,GA,Jenkins,28445
13167,GA,Johnson,29565
13169,GA,Jones,51650
13171,GA,Lamar,40915
13173,GA,Lanier,35101
13175,GA,Laurens,33974
13177,GA,Lee,63272
13179,GA,Liberty,40175
13181,GA,Lincoln,35683
13183,GA,Long,41147
13185,GA,Lowndes,37138
13187,GA,Lumpkin,42919
13189,GA,McDuffie,37328
13191,GA,McIntosh,36346
13193,GA,Macon,28844
13195,GA,Madison,43611
13197,GA,Marion,34680
13199,GA,Meriwether,34962
13201,GA,Miller,32535
13205,GA,Mitchell,32280
13207,GA,Monroe,54793
13209,GA,Montgomery,37128
13211,GA,Morgan,48337
13213,GA,Murray,40343
13215,GA,Muscogee,40414
13217,GA,Newton,50862
13219,GA,Oconee,72478
13221,GA,Oglethorpe,44026
13223,GA,Paulding,60008
13225,GA,Peach,42602
13227,GA,Pickens,53332
13229,GA,Pierce,36214
13231,GA,Pike,52393
13233,GA,Polk,38730
13235,GA,Pulaski,37012
13237,GA,Putnam,42934
13239,GA,Quitman,29111
13241,GA,Rabun,38114
13243,GA,Randolph,28105
13245,GA,Richmond,36069
13247,GA,Rockdale,50646
13249,GA,Schley,38944
13251,GA,Screven,35087
13253,GA,Seminole,34814
13255,GA,Spalding,39068
13257,GA,Stephens,36318
13259,GA,Stewart,28304
13261,GA,Sumter,32474
13263,GA,Talbot,33168
13265,GA,Taliaferro,28917
13267,GA,Tattnall,35983
13269,GA,Taylor,30538
13271,GA,Telfair,28334
13273,GA,Terrell,31826
13275,GA,Thomas,38914
13277,GA,Tift,33902
13279,GA,Toombs,32311
13281,GA,Towns,39854
13283,GA,Treutlen,31917
13285,GA,Troup,42044
13287,GA,Turner,31817
13289,GA,Twiggs,36107
13291,GA,Union,39677
13293,GA,Upson,34709
13295,GA,Walker,40512
13297,GA,Walton,54294
13299,GA,Ware,32211
13301,GA,Warren,30967
13303,GA,Washington,36807
13305,GA,Wayne,38081
13307,GA,Webster,34374
13309,GA,Wheeler,30779
13311,GA,White,41337
13313,GA,Whitfield,39946
13315,GA,Wilcox,33308
13317,GA,Wilkes,33662
13319,GA,Wilkinson,35745
13321,GA,Worth,36616
15001,HI,Hawaii,47377
15003,HI,Honolulu/city,72649
15007,HI,Kauai,55844
15009,HI,Maui,62277
16001,ID,Ada,53420
16003,ID,Adams,37630
16005,ID,Bannock,42665
16007,ID,Bear Lake,45589
16009,ID,Benewah,39530
16011,ID,Bingham,47721
16013,ID,Blaine,67936
16015,ID,Boise,48974
16017,ID,Bonner,41797
16019,ID,Bonneville,50559
16021,ID,Boundary,39681
16023,ID,Butte,41739
16025,ID,Camas,47911
16027,ID,Canyon,42237
16029,ID,Caribou,54579
16031,ID,Cassia,44160
16033,ID,Clark,42940
16035,ID,Clearwater,40068
16037,ID,Custer,41522
16039,ID,Elmore,42680
16041,ID,Franklin,44790
16043,ID,Fremont,44130
16045,ID,Gem,44173
16047,ID,Gooding,41310
16049,ID,Idaho,39434
16051,ID,Jefferson,52950
16053,ID,Jerome,41595
16055,ID,Kootenai,51681
16057,ID,Latah,43699
16059,ID,Lemhi,38367
16061,ID,Lewis,41190
16063,ID,Lincoln,42625
16065,ID,Madison,37142
16067,ID,Minidoka,41968
16069,ID,Nez Perce,46753
16071,ID,Oneida,45040
16073,ID,Owyhee,35017
16075,ID,Payette,43642
16077,ID,Power,44450
16079,ID,Shoshone,37431
16081,ID,Teton,52650
16083,ID,Twin Falls,44602
16085,ID,Valley,48879
16087,ID,Washington,37539
17001,IL,Adams,43604
17003,IL,Alexander,30141
17005,IL,Bond,48464
17007,IL,Boone,59537
17009,IL,Brown,46522
17011,IL,Bureau,49062
17013,IL,Calhoun,48504
17015,IL,Carroll,43643
17017,IL,Cass,45257
17019,IL,Champaign,46917
17021,IL,Christian,49391
17023,IL,Clark,46287
17025,IL,Clay,42369
17027,IL,Clinton,61843
17029,IL,Coles,39353
17031,IL,Cook,53795
17033,IL,Crawford,47517
17035,IL,Cumberland,47382
17037,IL,DeKalb,54204
17039,IL,De Witt,53303
17041,IL,Douglas,49179
17043,IL,DuPage,76269
17045,IL,Edgar,44433
17047,IL,Edwards,45675
17049,IL,Effingham,50900
17051,IL,Fayette,43014
17053,IL,Ford,52375
17055,IL,Franklin,35681
17057,IL,Fulton,46342
17059,IL,Gallatin,40349
17061,IL,Greene,41588
17063,IL,Grundy,68474
17065,IL,Hamilton,42330
17067,IL,Hancock,47965
17069,IL,Hardin,36567
17071,IL,Henderson,45022
17073,IL,Henry,52117
17075,IL,Iroquois,46977
17077,IL,Jackson,34243
17079,IL,Jasper,52187
17081,IL,Jefferson,40663
17083,IL,Jersey,54331
17085,IL,Jo Daviess,49573
17087,IL,Johnson,39965
17089,IL,Kane,71444
17091,IL,Kankakee,49584
17093,IL,Kendall,79648
17095,IL,Knox,39494
17097,IL,Lake,75106
17099,IL,LaSalle,49487
17101,IL,Lawrence,39670
17103,IL,Lee,53126
17105,IL,Livingston,52819
17107,IL,Logan,50991
17109,IL,McDonough,41661
17111,IL,McHenry,75713
17113,IL,McLean,62261
17115,IL,Macon,46179
17117,IL,Macoupin,50089
17119,IL,Madison,53864
17121,IL,Marion,40969
17123,IL,Marshall,50899
17125,IL,Mason,45563
17127,IL,Massac,41373
17129,IL,Menard,60151
17131,IL,Mercer,53626
17133,IL,Monroe,71604
17135,IL,Montgomery,42614
17137,IL,Morgan,48223
17139,IL,Moultrie,47645
17141,IL,Ogle,51334
17143,IL,Peoria,49827
17145,IL,Perry,41931
17147,IL,Piatt,66279
17149,IL,Pike,39430
17151,IL,Pope,38676
17153,IL,Pulaski,34828
17155,IL,Putnam,58438
17157,IL,Randolph,44991
17159,IL,Richland,41985
17161,IL,Rock Island,48160
17163,IL,St. Clair,48343
17165,IL,Saline,39281
17167,IL,Sangamon,55255
17169,IL,Schuyler,49808
17171,IL,Scott,46004
17173,IL,Shelby,50569
17175,IL,Stark,52428
17177,IL,Stephenson,42897
17179,IL,Tazewell,57544
17181,IL,Union,42799
17183,IL,Vermilion,44085
17185,IL,Wabash,47351
17187,IL,Warren,45770
17189,IL,Washington,53967
17191,IL,Wayne,42896
17193,IL,White,42621
17195,IL,Whiteside,50489
17197,IL,Will,74669
17199,IL,Williamson,44041
17201,IL,Winnebago,47214
17203,IL,Woodford,67036
18001,IN,Adams,48001
18003,IN,Allen,45587
18005,IN,Bartholomew,54341
18007,IN,Benton,49318
18009,IN,Blackford,39373
18011,IN,Boone,68047
18013,IN,Brown,51074
18015,IN,Carroll,52587
18017,IN,Cass,41611
18019,IN,Clark,50296
18021,IN,Clay,47030
18023,IN,Clinton,47279
18025,IN,Crawford,38014
18027,IN,Daviess,45578
18029,IN,Dearborn,55077
18031,IN,Decatur,47666
18033,IN,DeKalb,50279
18035,IN,Delaware,37116
18037,IN,Dubois,55606
18039,IN,Elkhart,46123
18041,IN,Fayette,40212
18043,IN,Floyd,55844
18045,IN,Fountain,42732
18047,IN,Franklin,53538
18049,IN,Fulton,44337
18051,IN,Gibson,48579
18053,IN,Grant,39325
18055,IN,Greene,43786
18057,IN,Hamilton,84022
18059,IN,Hancock,67738
18061,IN,Harrison,50321
18063,IN,Hendricks,68575
18065,IN,Henry,42133
18067,IN,Howard,45211
18069,IN,Huntington,44828
18071,IN,Jackson,49614
18073,IN,Jasper,53757
18075,IN,Jay,41847
18077,IN,Jefferson,44569
18079,IN,Jennings,44554
18081,IN,Johnson,58936
18083,IN,Knox,44091
18085,IN,Kosciusko,51603
18087,IN,LaGrange,51810
18089,IN,Lake,48341
18091,IN,LaPorte,46610
18093,IN,Lawrence,44435
18095,IN,Madison,41117
18097,IN,Marion,41478
18099,IN,Marshall,45855
18101,IN,Martin,46839
18103,IN,Miami,43694
18105,IN,Monroe,42404
18107,IN,Montgomery,50889
18109,IN,Morgan,56491
18111,IN,Newton,53715
18113,IN,Noble,48789
18115,IN,Ohio,50518
18117,IN,Orange,39411
18119,IN,Owen,42994
18121,IN,Parke,41964
18123,IN,Perry,45722
18125,IN,Pike,45679
18127,IN,Porter,64530
18129,IN,Posey,58477
18131,IN,Pulaski,44821
18133,IN,Putnam,51052
18135,IN,Randolph,41057
18137,IN,Ripley,47495
18139,IN,Rush,46910
18141,IN,St. Joseph,40978
18143,IN,Scott,43650
18145,IN,Shelby,49657
18147,IN,Spencer,50533
18149,IN,Starke,39552
18151,IN,Steuben,46275
18153,IN,Sullivan,41978
18155,IN,Switzerland,43243
18157,IN,Tippecanoe,47808
18159,IN,Tipton,53185
18161,IN,Union,45411
18163,IN,Vanderburgh,42014
18165,IN,Vermillion,40813
18167,IN,Vigo,39014
18169,IN,Wabash,45833
18171,IN,Warren,53623
18173,IN,Warrick,61820
18175,IN,Washington,43981
18177,IN,Wayne,36623
18179,IN,Wells,49452
18181,IN,White,48581
18183,IN,Whitley,52673
19001,IA,Adair,47905
19003,IA,Adams,44004
19005,IA,Allamakee,44673
19007,IA,Appanoose,37683
19009,IA,Audubon,47227
19011,IA,Benton,59179
19013,IA,Black Hawk,46281
19015,IA,Boone,52578
19017,IA,Bremer,61665
19019,IA,Buchanan,54383
19021,IA,Buena Vista,47514
19023,IA,Butler,53920
19025,IA,Calhoun,47351
19027,IA,Carroll,51328
19029,IA,Cass,45191
19031,IA,Cedar,58530
19033,IA,Cerro Gordo,46063
19035,IA,Cherokee,51655
19037,IA,Chickasaw,50342
19039,IA,Clarke,42776
19041,IA,Clay,51399
19043,IA,Clayton,48626
19045,IA,Clinton,49702
19047,IA,Crawford,48555
19049,IA,Dallas,79309
19051,IA,Davis,44477
19053,IA,Decatur,37534
19055,IA,Delaware,54587
19057,IA,Des Moines,42882
19059,IA,Dickinson,58610
19061,IA,Dubuque,51907
19063,IA,Emmet,46892
19065,IA,Fayette,44739
19067,IA,Floyd,48964
19069,IA,Franklin,47879
19071,IA,Fremont,50934
19073,IA,Greene,47936
19075,IA,Grundy,61381
19077,IA,Guthrie,53708
19079,IA,Hamilton,50867
19081,IA,Hancock,54835
19083,IA,Hardin,51907
19085,IA,Harrison,53764
19087,IA,Henry,50084
19089,IA,Howard,45975
19091,IA,Humboldt,52286
19093,IA,Ida,51948
19095,IA,Iowa,58028
19097,IA,Jackson,46180
19099,IA,Jasper,55492
19101,IA,Jefferson,41942
19103,IA,Johnson,53204
19105,IA,Jones,54749
19107,IA,Keokuk,47626
19109,IA,Kossuth,55972
19111,IA,Lee,45307
19113,IA,Linn,56503
19115,IA,Louisa,51387
19117,IA,Lucas,41011
19119,IA,Lyon,60548
19121,IA,Madison,59074
19123,IA,Mahaska,48978
19125,IA,Marion,56883
19127,IA,Marshall,51382
19129,IA,Mills,56504
19131,IA,Mitchell,53049
19133,IA,Monona,41461
19135,IA,Monroe,49012
19137,IA,Montgomery,44669
19139,IA,Muscatine,54025
19141,IA,O'Brien,57287
19143,IA,Osceola,51017
19145,IA,Page,47438
19147,IA,Palo Alto,49536
19149,IA,Plymouth,58113
19151,IA,Pocahontas,50401
19153,IA,Polk,59388
19155,IA,Pottawattamie,50570
19157,IA,Poweshiek,50799
19159,IA,Ringgold,47319
19161,IA,Sac,51399
19163,IA,Scott,54444
19165,IA,Shelby,54740
19167,IA,Sioux,61817
19169,IA,Story,53782
19171,IA,Tama,53844
19173,IA,Taylor,45009
19175,IA,Union,43357
19177,IA,Van Buren,43019
19179,IA,Wapello,40629
19181,IA,Warren,66328
19183,IA,Washington,54480
19185,IA,Wayne,38981
19187,IA,Webster,45202
19189,IA,Winnebago,50383
19191,IA,Winneshiek,53194
19193,IA,Woodbury,45678
19195,IA,Worth,49605
19197,IA,Wright,49369
20001,KS,Allen,40073
20003,KS,Anderson,42386
20005,KS,Atchison,44180
20007,KS,Barber,50097
20009,KS,Barton,42464
20011,KS,Bourbon,35990
20013,KS,Brown,41426
20015,KS,Butler,56456
20017,KS,Chase,44300
20019,KS,Chautauqua,38973
20021,KS,Cherokee,40310
20023,KS,Cheyenne,39317
20025,KS,Clark,42866
20027,KS,Clay,48178
20029,KS,Cloud,40663
20031,KS,Coffey,53487
20033,KS,Comanche,44076
20035,KS,Cowley,42341
20037,KS,Crawford,36958
20039,KS,Decatur,37789
20041,KS,Dickinson,49033
20043,KS,Doniphan,46338
20045,KS,Douglas,51221
20047,KS,Edwards,45687
20049,KS,Elk,37537
20051,KS,Ellis,47454
20053,KS,Ellsworth,48030
20055,KS,Finney,46984
20057,KS,Ford,46444
20059,KS,Franklin,48297
20061,KS,Geary,41048
20063,KS,Gove,48042
20065,KS,Graham,44422
20067,KS,Grant,54952
20069,KS,Gray,56615
20071,KS,Greeley,50637
20073,KS,Greenwood,35803
20075,KS,Hamilton,42263
20077,KS,Harper,43066
20079,KS,Harvey,54135
20081,KS,Haskell,53076
20083,KS,Hodgeman,49119
20085,KS,Jackson,50661
20087,KS,Jefferson,54890
20089,KS,Jewell,41924
20091,KS,Johnson,74135
20093,KS,Kearny,54399
20095,KS,Kingman,51281
20097,KS,Kiowa,45417
20099,KS,Labette,38542
20101,KS,Lane,52915
20103,KS,Leavenworth,65424
20105,KS,Lincoln,42521
20107,KS,Linn,44036
20109,KS,Logan,46375
20111,KS,Lyon,39483
20113,KS,McPherson,52734
20115,KS,Marion,45319
20117,KS,Marshall,50087
20119,KS,Meade,53942
20121,KS,Miami,59706
20123,KS,Mitchell,46181
20125,KS,Montgomery,39045
20127,KS,Morris,46404
20129,KS,Morton,51157
20131,KS,Nemaha,50006
20133,KS,Neosho,41877
20135,KS,Ness,49432
20137,KS,Norton,42389
20139,KS,Osage,48991
20141,KS,Osborne,38493
20143,KS,Ottawa,52041
20145,KS,Pawnee,45331
20147,KS,Phillips,44080
20149,KS,Pottawatomie,59856
20151,KS,Pratt,50970
20153,KS,Rawlins,45901
20155,KS,Reno,44099
20157,KS,Republic,39819
20159,KS,Rice,45389
20161,KS,Riley,46267
20163,KS,Rooks,40870
20165,KS,Rush,42867
20167,KS,Russell,39520
20169,KS,Saline,48505
20171,KS,Scott,51013
20173,KS,Sedgwick,48671
20175,KS,Seward,45349
20177,KS,Shawnee,50042
20179,KS,Sheridan,50961
20181,KS,Sherman,38025
20183,KS,Smith,39696
20185,KS,Stafford,42430
20187,KS,Stanton,49977
20189,KS,Stevens,57483
20191,KS,Sumner,50844
20193,KS,Thomas,47654
20195,KS,Trego,43668
20197,KS,Wabaunsee,54414
20199,KS,Wallace,46082
20201,KS,Washington,43897
20203,KS,Wichita,51286
20205,KS,Wilson,41073
20207,KS,Woodson,40971
20209,KS,Wyandotte,38728
21001,KY,Adair,31710
21003,KY,Allen,39798
21005,KY,Anderson,52852
21007,KY,Ballard,42712
21009,KY,Barren,38370
21011,KY,Bath,33752
21013,KY,Bell,25761
21015,KY,Boone,65274
21017,KY,Bourbon,40045
21019,KY,Boyd,41443
21021,KY,Boyle,43585
21023,KY,Bracken,43222
21025,KY,Breathitt,26869
21027,KY,Breckinridge,40107
21029,KY,Bullitt,57462
21031,KY,Butler,36670
21033,KY,Caldwell,37317
21035,KY,Calloway,37977
21037,KY,Campbell,53321
21039,KY,Carlisle,38283
21041,KY,Carroll,41792
21043,KY,Carter,34767
21045,KY,Casey,29303
21047,KY,Christian,41333
21049,KY,Clark,45516
21051,KY,Clay,24173
21053,KY,Clinton,27443
21055,KY,Crittenden,37372
21057,KY,Cumberland,30043
21059,KY,Daviess,46908
21061,KY,Edmonson,36324
21063,KY,Elliott,29544
21065,KY,Estill,30388
21067,KY,Fayette,47959
21069,KY,Fleming,35454
21071,KY,Floyd,31229
21073,KY,Franklin,46309
21075,KY,Fulton,28550
21077,KY,Gallatin,44142
21079,KY,Garrard,42853
21081,KY,Grant,43861
21083,KY,Graves,39960
21085,KY,Grayson,32813
21087,KY,Green,32309
21089,KY,Greenup,44581
21091,KY,Hancock,50809
21093,KY,Hardin,48327
21095,KY,Harlan,25460
21097,KY,Harrison,42228
21099,KY,Hart,33588
21101,KY,Henderson,42492
21103,KY,Henry,48245
21105,KY,Hickman,38733
21107,KY,Hopkins,40782
21109,KY,Jackson,28759
21111,KY,Jefferson,47495
21113,KY,Jessamine,52011
21115,KY,Johnson,34593
21117,KY,Kenton,53949
21119,KY,Knott,32294
21121,KY,Knox,26220
21123,KY,Larue,41537
21125,KY,Laurel,35372
21127,KY,Lawrence,33469
21129,KY,Lee,25767
21131,KY,Leslie,29008
21133,KY,Letcher,31799
21135,KY,Lewis,30443
21137,KY,Lincoln,35092
21139,KY,Livingston,41177
21141,KY,Logan,39513
21143,KY,Lyon,43311
21145,KY,McCracken,42069
21147,KY,McCreary,24406
21149,KY,McLean,38128
21151,KY,Madison,44845
21153,KY,Magoffin,29817
21155,KY,Marion,39665
21157,KY,Marshall,44157
21159,KY,Martin,26931
21161,KY,Mason,42329
21163,KY,Meade,45984
21165,KY,Menifee,30047
21167,KY,Mercer,43903
21169,KY,Metcalfe,30899
21171,KY,Monroe,29900
21173,KY,Montgomery,41326
21175,KY,Morgan,31579
21177,KY,Muhlenberg,37048
21179,KY,Nelson,49444
21181,KY,Nicholas,37006
21183,KY,Ohio,40622
21185,KY,Oldham,86580
21187,KY,Owen,42134
21189,KY,Owsley,22715
21191,KY,Pendleton,45570
21193,KY,Perry,32300
21195,KY,Pike,35071
21197,KY,Powell,31923
21199,KY,Pulaski,34355
21201,KY,Robertson,38101
21203,KY,Rockcastle,33131
21205,KY,Rowan,37690
21207,KY,Russell,30985
21209,KY,Scott,61906
21211,KY,Shelby,56808
21213,KY,Simpson,39117
21215,KY,Spencer,66711
21217,KY,Taylor,36599
21219,KY,Todd,38533
21221,KY,Trigg,43416
21223,KY,Trimble,45394
21225,KY,Union,44595
21227,KY,Warren,48137
21229,KY,Washington,42500
21231,KY,Wayne,29878
21233,KY,Webster,40881
21235,KY,Whitley,30878
21237,KY,Wolfe,25657
21239,KY,Woodford,59233
22001,LA,Acadia Parish,38788
22003,LA,Allen Parish,38122
22005,LA,Ascension Parish,70303
22007,LA,Assumption Parish,44749
22009,LA,Avoyelles Parish,33240
22011,LA,Beauregard Parish,46225
22013,LA,Bienville Parish,33790
22015,LA,Bossier Parish,51899
22017,LA,Caddo Parish,39776
22019,LA,Calcasieu Parish,43779
22021,LA,Caldwell Parish,35987
22023,LA,Cameron Parish,51709
22025,LA,Catahoula Parish,33557
22027,LA,Claiborne Parish,34390
22029,LA,Concordia Parish,30432
22031,LA,De Soto Parish,39403
22033,LA,East Baton Rouge Parish,47770
22035,LA,East Carroll Parish,26781
22037,LA,East Feliciana Parish,41578
22039,LA,Evangeline Parish,32130
22041,LA,Franklin Parish,31243
22043,LA,Grant Parish,41208
22045,LA,Iberia Parish,41185
22047,LA,Iberville Parish,40449
22049,LA,Jackson Parish,35730
22051,LA,Jefferson Parish,46547
22053,LA,Jefferson Davis Parish,40760
22055,LA,Lafayette Parish,54978
22057,LA,Lafourche Parish,52115
22059,LA,LaSalle Parish,42104
22061,LA,Lincoln Parish,34667
22063,LA,Livingston Parish,53118
22065,LA,Madison Parish,26745
22067,LA,Morehouse Parish,28951
22069,LA,Natchitoches Parish,35165
22071,LA,Orleans Parish,36240
22073,LA,Ouachita Parish,39976
22075,LA,Plaquemines Parish,51306
22077,LA,Pointe Coupee Parish,42129
22079,LA,Rapides Parish,39411
22081,LA,Red River Parish,35762
22083,LA,Richland Parish,32477
22085,LA,Sabine Parish,37864
22087,LA,St. Bernard Parish,40705
22089,LA,St. Charles Parish,56163
22091,LA,St. Helena Parish,34229
22093,LA,St. James Parish,48358
22095,LA,St. John the Baptist Parish,47389
22097,LA,St. Landry Parish,33781
22099,LA,St. Martin Parish,42110
22101,LA,St. Mary Parish,39608
22103,LA,St. Tammany Parish,61655
22105,LA,Tangipahoa Parish,40228
22107,LA,Tensas Parish,28021
22109,LA,Terrebonne Parish,51716
22111,LA,Union Parish,35825
22113,LA,Vermilion Parish,43434
22115,LA,Vernon Parish,42772
22117,LA,Washington Parish,31630
22119,LA,Webster Parish,35762
22121,LA,West Baton Rouge Parish,48848
22123,LA,West Carroll Parish,34611
22125,LA,West Feliciana Parish,52626
22127,LA,Winn Parish,35674
23001,ME,Androscoggin,44097
23003,ME,Aroostook,37092
23005,ME,Cumberland,55020
23007,ME,Franklin,41154
23009,ME,Hancock,44463
23011,ME,Kennebec,45151
23013,ME,Knox,48352
23015,ME,Lincoln,48908
23017,ME,Oxford,38932
23019,ME,Penobscot,43615
23021,ME,Piscataquis,36553
23023,ME,Sagadahoc,52279
23025,ME,Somerset,38279
23027,ME,Waldo,43203
23029,ME,Washington,35754
23031,ME,York,55163
24001,MD,Allegany,39994
24003,MD,Anne Arundel,85685
24005,MD,Baltimore,64624
24009,MD,Calvert,91993
24011,MD,Caroline,46015
24013,MD,Carroll,82073
24015,MD,Cecil,64880
24017,MD,Charles,87577
24019,MD,Dorchester,42542
24021,MD,Frederick,83489
24023,MD,Garrett,44404
24025,MD,Harford,77453
24027,MD,Howard,108503
24029,MD,Kent,55695
24031,MD,Montgomery,97873
24033,MD,Prince George's,71682
24035,MD,Queen Anne's,80143
24037,MD,St. Mary's,78274
24039,MD,Somerset,36106
24041,MD,Talbot,57525
24043,MD,Washington,55643
24045,MD,Wicomico,47536
24047,MD,Worcester,52276
24510,MD,Baltimore city,41988
25001,MA,Barnstable,60685
25003,MA,Berkshire,51431
25005,MA,Bristol,53626
25007,MA,Dukes,58276
25009,MA,Essex,67235
25011,MA,Franklin,51828
25013,MA,Hampden,48560
25015,MA,Hampshire,61911
25017,MA,Middlesex,82118
25019,MA,Nantucket/town,71259
25021,MA,Norfolk,83830
25023,MA,Plymouth,75264
25025,MA,Suffolk,54164
25027,MA,Worcester,62268
26001,MI,Alcona,36334
26003,MI,Alger,38821
26005,MI,Allegan,55274
26007,MI,Alpena,38784
26009,MI,Antrim,46890
26011,MI,Arenac,38201
26013,MI,Baraga,40402
26015,MI,Barry,51040
26017,MI,Bay,42305
26019,MI,Benzie,43145
26021,MI,Berrien,44291
26023,MI,Branch,43947
26025,MI,Calhoun,44343
26027,MI,Cass,42875
26029,MI,Charlevoix,45629
26031,MI,Cheboygan,37949
26033,MI,Chippewa,45416
26035,MI,Clare,33605
26037,MI,Clinton,61733
26039,MI,Crawford,37627
26041,MI,Delta,41287
26043,MI,Dickinson,43290
26045,MI,Eaton,53764
26047,MI,Emmet,48399
26049,MI,Genesee,41393
26051,MI,Gladwin,35049
26053,MI,Gogebic,33679
26055,MI,Grand Traverse,50755
26057,MI,Gratiot,42026
26059,MI,Hillsdale,40363
26061,MI,Houghton,36947
26063,MI,Huron,41044
26065,MI,Ingham,44979
26067,MI,Ionia,49047
26069,MI,Iosco,36103
26071,MI,Iron,34698
26073,MI,Isabella,39991
26075,MI,Jackson,45002
26077,MI,Kalamazoo,46445
26079,MI,Kalkaska,39269
26081,MI,Kent,51997
26083,MI,Keweenaw,37229
26085,MI,Lake,30656
26087,MI,Lapeer,53506
26089,MI,Leelanau,56335
26091,MI,Lenawee,46693
26093,MI,Livingston,71075
26095,MI,Luce,38284
26097,MI,Mackinac,38839
26099,MI,Macomb,52954
26101,MI,Manistee,41258
26103,MI,Marquette,45170
26105,MI,Mason,40438
26107,MI,Mecosta,39764
26109,MI,Menominee,40866
26111,MI,Midland,53007
26113,MI,Missaukee,40226
26115,MI,Monroe,55745
26117,MI,Montcalm,40790
26119,MI,Montmorency,33742
26121,MI,Muskegon,41556
26123,MI,Newaygo,43238
26125,MI,Oakland,67281
26127,MI,Oceana,43134
26129,MI,Ogemaw,34778
26131,MI,Ontonagon,33116
26133,MI,Osceola,38407
26135,MI,Oscoda,31094
26137,MI,Otsego,47016
26139,MI,Ottawa,57994
26141,MI,Presque Isle,38648
26143,MI,Roscommon,31690
26145,MI,Saginaw,41510
26147,MI,St. Clair,49949
26149,MI,St. Joseph,43891
26151,MI,Sanilac,41502
26153,MI,Schoolcraft,38514
26155,MI,Shiawassee,43839
26157,MI,Tuscola,41441
26159,MI,Van Buren,44782
26161,MI,Washtenaw,59965
26163,MI,Wayne,40485
26165,MI,Wexford,39566
27001,MN,Aitkin,41784
27003,MN,Anoka,70619
27005,MN,Becker,49183
27007,MN,Beltrami,42364
27009,MN,Benton,51564
27011,MN,Big Stone,44637
27013,MN,Blue Earth,51283
27015,MN,Brown,52061
27017,MN,Carlton,52670
27019,MN,Carver,86759
27021,MN,Cass,48367
27023,MN,Chippewa,55232
27025,MN,Chisago,71397
27027,MN,Clay,52567
27029,MN,Clearwater,44123
27031,MN,Cook,48124
27033,MN,Cottonwood,45453
27035,MN,Crow Wing,48661
27037,MN,Dakota,73833
27039,MN,Dodge,73799
27041,MN,Douglas,52122
27043,MN,Faribault,47191
27045,MN,Fillmore,51323
27047,MN,Freeborn,47698
27049,MN,Goodhue,61428
27051,MN,Grant,49618
27053,MN,Hennepin,64331
27055,MN,Houston,51160
27057,MN,Hubbard,46530
27059,MN,Isanti,58436
27061,MN,Itasca,46834
27063,MN,Jackson,56397
27065,MN,Kanabec,46940
27067,MN,Kandiyohi,53290
27069,MN,Kittson,48458
27071,MN,Koochiching,44817
27073,MN,Lac qui Parle,46805
27075,MN,Lake,50875
27077,MN,Lake of the Woods,42644
27079,MN,Le Sueur,60190
27081,MN,Lincoln,48205
27083,MN,Lyon,51011
27085,MN,McLeod,54971
27087,MN,Mahnomen,39706
27089,MN,Marshall,53692
27091,MN,Martin,51118
27093,MN,Meeker,55327
27095,MN,Mille Lacs,48978
27097,MN,Morrison,48716
27099,MN,Mower,50479
27101,MN,Murray,53300
27103,MN,Nicollet,58620
27105,MN,Nobles,50936
27107,MN,Norman,45276
27109,MN,Olmsted,65829
27111,MN,Otter Tail,48157
27113,MN,Pennington,47300
27115,MN,Pine,43026
27117,MN,Pipestone,47613
27119,MN,Polk,52706
27121,MN,Pope,55404
27123,MN,Ramsey,56293
27125,MN,Red Lake,45019
27127,MN,Redwood,50453
27129,MN,Renville,53823
27131,MN,Rice,58644
27133,MN,Rock,54045
27135,MN,Roseau,51576
27137,MN,St. Louis,46022
27139,MN,Scott,85481
27141,MN,Sherburne,74915
27143,MN,Sibley,56007
27145,MN,Stearns,56705
27147,MN,Steele,53932
27149,MN,Stevens,56140
27151,MN,Swift,52083
27153,MN,Todd,43974
27155,MN,Traverse,50451
27157,MN,Wabasha,52617
27159,MN,Wadena,39805
27161,MN,Waseca,53448
27163,MN,Washington,81052
27165,MN,Watonwan,48064
27167,MN,Wilkin,52849
27169,MN,Winona,49636
27171,MN,Wright,71999
27173,MN,Yellow Medicine,50311
28001,MS,Adams,31385
28003,MS,Alcorn,33467
28005,MS,Amite,33571
28007,MS,Attala,31644
28009,MS,Benton,30198
28011,MS,Bolivar,29622
28013,MS,Calhoun,32656
28015,MS,Carroll,37283
28017,MS,Chickasaw,32525
28019,MS,Choctaw,32922
28021,MS,Claiborne,25438
28023,MS,Clarke,34141
28025,MS,Clay,30935
28027,MS,Coahoma,27500
28029,MS,Copiah,32060
28031,MS,Covington,32999
28033,MS,DeSoto,59043
28035,MS,Forrest,34391
28037,MS,Franklin,35963
28039,MS,George,43597
28041,MS,Greene,38192
28043,MS,Grenada,31703
28045,MS,Hancock,43870
28047,MS,Harrison,41657
28049,MS,Hinds,34826
28051,MS,Holmes,22674
28053,MS,Humphreys,22599
28055,MS,Issaquena,31254
28057,MS,Itawamba,39927
28059,MS,Jackson,47813
28061,MS,Jasper,33606
28063,MS,Jefferson,26401
28065,MS,Jefferson Davis,27754
28067,MS,Jones,36204
28069,MS,Kemper,30849
28071,MS,Lafayette,40749
28073,MS,Lamar,51337
28075,MS,Lauderdale,35038
28077,MS,Lawrence,36317
28079,MS,Leake,34099
28081,MS,Lee,43221
28083,MS,Leflore,24704
28085,MS,Lincoln,33632
28087,MS,Lowndes,38839
28089,MS,Madison,64657
28091,MS,Marion,32628
28093,MS,Marshall,36728
28095,MS,Monroe,36264
28097,MS,Montgomery,30128
28099,MS,Neshoba,34719
28101,MS,Newton,36904
28103,MS,Noxubee,26459
28105,MS,Oktibbeha,33594
28107,MS,Panola,33129
28109,MS,Pearl River,41706
28111,MS,Perry,34771
28113,MS,Pike,30835
28115,MS,Pontotoc,40245
28117,MS,Prentiss,34219
28119,MS,Quitman,26100
28121,MS,Rankin,55838
28123,MS,Scott,31850
28125,MS,Sharkey,27380
28127,MS,Simpson,35039
28129,MS,Smith,36581
28131,MS,Stone,40294
28133,MS,Sunflower,28562
28135,MS,Tallahatchie,29780
28137,MS,Tate,40624
28139,MS,Tippah,35908
28141,MS,Tishomingo,35891
28143,MS,Tunica,30033
28145,MS,Union,40148
28147,MS,Walthall,30289
28149,MS,Warren,41883
28151,MS,Washington,28948
28153,MS,Wayne,31688
28155,MS,Webster,34930
28157,MS,Wilkinson,26373
28159,MS,Winston,30961
28161,MS,Yalobusha,32660
28163,MS,Yazoo,28757
29001,MO,Adair,35282
29003,MO,Andrew,54185
29005,MO,Atchison,43215
29007,MO,Audrain,41164
29009,MO,Barry,36573
29011,MO,Barton,37723
29013,MO,Bates,38586
29015,MO,Benton,32563
29017,MO,Bollinger,37627
29019,MO,Boone,49118
29021,MO,Buchanan,43461
29023,MO,Butler,35381
29025,MO,Caldwell,41546
29027,MO,Callaway,45573
29029,MO,Camden,41314
29031,MO,Cape Girardeau,44248
29033,MO,Carroll,41279
29035,MO,Carter,30017
29037,MO,Cass,63031
29039,MO,Cedar,30816
29041,MO,Chariton,40352
29043,MO,Christian,51394
29045,MO,Clark,39712
29047,MO,Clay,60641
29049,MO,Clinton,52461
29051,MO,Cole,52023
29053,MO,Cooper,44397
29055,MO,Crawford,37299
29057,MO,Dade,36720
29059,MO,Dallas,37540
29061,MO,Daviess,38332
29063,MO,DeKalb,44286
29065,MO,Dent,34761
29067,MO,Douglas,31289
29069,MO,Dunklin,32050
29071,MO,Franklin,51138
29073,MO,Gasconade,41270
29075,MO,Gentry,39265
29077,MO,Greene,38525
29079,MO,Grundy,37172
29081,MO,Harrison,36229
29083,MO,Henry,39666
29085,MO,Hickory,30040
29087,MO,Holt,41213
29089,MO,Howard,41356
29091,MO,Howell,31665
29093,MO,Iron,32994
29095,MO,Jackson,46802
29097,MO,Jasper,40530
29099,MO,Jefferson,55305
29101,MO,Johnson,45011
29103,MO,Knox,34894
29105,MO,Laclede,36632
29107,MO,Lafayette,46878
29109,MO,Lawrence,38724
29111,MO,Lewis,41187
29113,MO,Lincoln,54144
29115,MO,Linn,37773
29117,MO,Livingston,38839
29119,MO,McDonald,35915
29121,MO,Macon,38110
29123,MO,Madison,33631
29125,MO,Maries,40404
29127,MO,Marion,40981
29129,MO,Mercer,38726
29131,MO,Miller,36552
29133,MO,Mississippi,31421
29135,MO,Moniteau,46123
29137,MO,Monroe,38940
29139,MO,Montgomery,39750
29141,MO,Morgan,32761
29143,MO,New Madrid,34927
29145,MO,Newton,41440
29147,MO,Nodaway,41952
29149,MO,Oregon,29464
29151,MO,Osage,48990
29153,MO,Ozark,30799
29155,MO,Pemiscot,28664
29157,MO,Perry,53798
29159,MO,Pettis,39527
29161,MO,Phelps,38930
29163,MO,Pike,39499
29165,MO,Platte,68411
29167,MO,Polk,38023
29169,MO,Pulaski,49499
29171,MO,Putnam,34106
29173,MO,Ralls,49393
29175,MO,Randolph,38988
29177,MO,Ray,52430
29179,MO,Reynolds,32089
29181,MO,Ripley,30843
29183,MO,St. Charles,70468
29185,MO,St. Clair,30612
29186,MO,Ste. Genevieve,48266
29187,MO,St. Francois,37696
29189,MO,St. Louis,59284
29195,MO,Saline,38230
29197,MO,Schuyler,36029
29199,MO,Scotland,36511
29201,MO,Scott,40441
29203,MO,Shannon,26538
29205,MO,Shelby,40420
29207,MO,Stoddard,37689
29209,MO,Stone,39018
29211,MO,Sullivan,37039
29213,MO,Taney,34860
29215,MO,Texas,34266
29217,MO,Vernon,35090
29219,MO,Warren,52517
29221,MO,Washington,33491
29223,MO,Wayne,31208
29225,MO,Webster,44069
29227,MO,Worth,37832
29229,MO,Wright,29605
29510,MO,St. Louis city,34346
30001,MT,Beaverhead,40054
30003,MT,Big Horn,38026
30005,MT,Blaine,35215
30007,MT,Broadwater,46246
30009,MT,Carbon,46413
30011,MT,Carter,39017
30013,MT,Cascade,43674
30015,MT,Chouteau,41177
30017,MT,Custer,43958
30019,MT,Daniels,51400
30021,MT,Dawson,50650
30023,MT,Deer Lodge,37542
30025,MT,Fallon,59083
30027,MT,Fergus,41111
30029,MT,Flathead,46885
30031,MT,Gallatin,56680
30033,MT,Garfield,38663
30035,MT,Glacier,33648
30037,MT,Golden Valley,36747
30039,MT,Granite,41391
30041,MT,Hill,43244
30043,MT,Jefferson,59001
30045,MT,Judith Basin,41731
30047,MT,Lake,39219
30049,MT,Lewis and Clark,53982
30051,MT,Liberty,39073
30053,MT,Lincoln,34926
30055,MT,McCone,41918
30057,MT,Madison,44046
30059,MT,Meagher,35694
30061,MT,Mineral,36169
30063,MT,Missoula,45895
30065,MT,Musselshell,39403
30067,MT,Park,42439
30069,MT,Petroleum,37276
30071,MT,Phillips,40202
30073,MT,Pondera,40694
30075,MT,Powder River,43107
30077,MT,Powell,39820
30079,MT,Prairie,41843
30081,MT,Ravalli,39487
30083,MT,Richland,64171
30085,MT,Roosevelt,34291
30087,MT,Rosebud,50597
30089,MT,Sanders,34847
30091,MT,Sheridan,50292
30093,MT,Silver Bow,40691
30095,MT,Stillwater,58109
30097,MT,Sweet Grass,43146
30099,MT,Teton,43828
30101,MT,Toole,44252
30103,MT,Treasure,48282
30105,MT,Valley,45747
30107,MT,Wheatland,32519
30109,MT,Wibaux,43722
30111,MT,Yellowstone,52079
31001,NE,Adams,52267
31003,NE,Antelope,48814
31005,NE,Arthur,39874
31007,NE,Banner,46769
31009,NE,Blaine,38323
31011,NE,Boone,50156
31013,NE,Box Butte,54120
31015,NE,Boyd,39838
31017,NE,Brown,39861
31019,NE,Buffalo,52333
31021,NE,Burt,47749
31023,NE,Butler,46211
31025,NE,Cass,63738
31027,NE,Cedar,56300
31029,NE,Chase,52924
31031,NE,Cherry,43229
31033,NE,Cheyenne,53430
31035,NE,Clay,50587
31037,NE,Colfax,51103
31039,NE,Cuming,50252
31041,NE,Custer,44608
31043,NE,Dakota,45631
31045,NE,Dawes,39507
31047,NE,Dawson,44976
31049,NE,Deuel,48523
31051,NE,Dixon,47637
31053,NE,Dodge,48671
31055,NE,Douglas,51959
31057,NE,Dundy,47098
31059,NE,Fillmore,52606
31061,NE,Franklin,44871
31063,NE,Frontier,48258
31065,NE,Furnas,41446
31067,NE,Gage,45212
31069,NE,Garden,38837
31071,NE,Garfield,40758
31073,NE,Gosper,58357
31075,NE,Grant,44778
31077,NE,Greeley,42743
31079,NE,Hall,49750
31081,NE,Hamilton,54663
31083,NE,Harlan,45806
31085,NE,Hayes,51101
31087,NE,Hitchcock,40217
31089,NE,Holt,44518
31091,NE,Hooker,39377
31093,NE,Howard,49496
31095,NE,Jefferson,46252
31097,NE,Johnson,46456
31099,NE,Kearney,57823
31101,NE,Keith,42851
31103,NE,Keya Paha,41491
31105,NE,Kimball,45023
31107,NE,Knox,41066
31109,NE,Lancaster,52275
31111,NE,Lincoln,52395
31113,NE,Logan,48688
31115,NE,Loup,41192
31117,NE,McPherson,40834
31119,NE,Madison,45738
31121,NE,Merrick,50317
31123,NE,Morrill,47296
31125,NE,Nance,45091
31127,NE,Nemaha,48892
31129,NE,Nuckolls,44139
31131,NE,Otoe,52565
31133,NE,Pawnee,38735
31135,NE,Perkins,53893
31137,NE,Phelps,53607
31139,NE,Pierce,50807
31141,NE,Platte,52368
31143,NE,Polk,56618
31145,NE,Red Willow,44826
31147,NE,Richardson,41679
31149,NE,Rock,40870
31151,NE,Saline,49047
31153,NE,Sarpy,67740
31155,NE,Saunders,61174
31157,NE,Scotts Bluff,43406
31159,NE,Seward,59053
31161,NE,Sheridan,38411
31163,NE,Sherman,41224
31165,NE,Sioux,48313
31167,NE,Stanton,54263
31169,NE,Thayer,43938
31171,NE,Thomas,43247
31173,NE,Thurston,38558
31175,NE,Valley,44105
31177,NE,Washington,66160
31179,NE,Wayne,49981
31181,NE,Webster,42305
31183,NE,Wheeler,37495
31185,NE,York,56687
32001,NV,Churchill,50158
32003,NV,Clark,51071
32005,NV,Douglas,56613
32007,NV,Elko,71354
32009,NV,Esmeralda,41075
32011,NV,Eureka,66592
32013,NV,Humboldt,66290
32015,NV,Lander,69658
32017,NV,Lincoln,44366
32019,NV,Lyon,46526
32021,NV,Mineral,40496
32023,NV,Nye,42998
32027,NV,Pershing,51548
32029,NV,Storey,59785
32031,NV,Washoe,53565
32033,NV,White Pine,52588
32510,NV,Carson City,47476
33001,NH,Belknap,57568
33003,NH,Carroll,50598
33005,NH,Cheshire,52246
33007,NH,Coos,40917
33009,NH,Grafton,55131
33011,NH,Hillsborough,67162
33013,NH,Merrimack,64068
33015,NH,Rockingham,74785
33017,NH,Strafford,59290
33019,NH,Sullivan,52114
34001,NJ,Atlantic,51668
34003,NJ,Bergen,81615
34005,NJ,Burlington,76868
34007,NJ,Camden,57641
34009,NJ,Cape May,56520
34011,NJ,Cumberland,45850
34013,NJ,Essex,53358
34015,NJ,Gloucester,71137
34017,NJ,Hudson,55699
34019,NJ,Hunterdon,107203
34021,NJ,Mercer,70575
34023,NJ,Middlesex,76515
34025,NJ,Monmouth,83424
34027,NJ,Morris,99950
34029,NJ,Ocean,59888
34031,NJ,Passaic,57426
34033,NJ,Salem,58483
34035,NJ,Somerset,96947
34037,NJ,Sussex,85747
34039,NJ,Union,64272
34041,NJ,Warren,68011
35001,NM,Bernalillo,48053
35003,NM,Catron,32644
35005,NM,Chaves,41388
35006,NM,Cibola,36307
35007,NM,Colfax,37152
35009,NM,Curry,39186
35011,NM,De Baca,33045
35013,NM,Dona Ana,36831
35015,NM,Eddy,49865
35017,NM,Grant,39220
35019,NM,Guadalupe,29924
35021,NM,Harding,37520
35023,NM,Hidalgo,32993
35025,NM,Lea,53556
35027,NM,Lincoln,40756
35028,NM,Los Alamos,110930
35029,NM,Luna,28040
35031,NM,McKinley,27790
35033,NM,Mora,29263
35035,NM,Otero,41960
35037,NM,Quay,30496
35039,NM,Rio Arriba,36716
35041,NM,Roosevelt,35322
35043,NM,Sandoval,56190
35045,NM,San Juan,44417
35047,NM,San Miguel,31222
35049,NM,Santa Fe,51697
35051,NM,Sierra,29680
35053,NM,Socorro,32090
35055,NM,Taos,33021
35057,NM,Torrance,35046
35059,NM,Union,37902
35061,NM,Valencia,41412
36001,NY,Albany,55778
36003,NY,Allegany,41849
36005,NY,Bronx,33079
36007,NY,Broome,45142
36009,NY,Cattaraugus,40936
36011,NY,Cayuga,48976
36013,NY,Chautauqua,40468
36015,NY,Chemung,45337
36017,NY,Chenango,44328
36019,NY,Clinton,45900
36021,NY,Columbia,57094
36023,NY,Cortland,46163
36025,NY,Delaware,43380
36027,NY,Dutchess,69300
36029,NY,Erie,51123
36031,NY,Essex,46337
36033,NY,Franklin,42672
36035,NY,Fulton,42264
36037,NY,Genesee,42641
36039,NY,Greene,50190
36041,NY,Hamilton,45737
36043,NY,Herkimer,42460
36045,NY,Jefferson,46510
36047,NY,Kings,47067
36049,NY,Lewis,45926
36051,NY,Livingston,51901
36053,NY,Madison,51057
36055,NY,Monroe,51722
36057,NY,Montgomery,43880
36059,NY,Nassau,95395
36061,NY,New York,71443
36063,NY,Niagara,46752
36065,NY,Oneida,44031
36067,NY,Onondaga,52055
36069,NY,Ontario,57846
36071,NY,Orange,68249
36073,NY,Orleans,43876
36075,NY,Oswego,46281
36077,NY,Otsego,47689
36079,NY,Putnam,92014
36081,NY,Queens,56307
36083,NY,Rensselaer,56643
36085,NY,Richmond,68621
36087,NY,Rockland,80132
36089,NY,St. Lawrence,43556
36091,NY,Saratoga,69917
36093,NY,Schenectady,53978
36095,NY,Schoharie,49307
36097,NY,Schuyler,44080
36099,NY,Seneca,45265
36101,NY,Steuben,46540
36103,NY,Suffolk,84940
36105,NY,Sullivan,46928
36107,NY,Tioga,51026
36109,NY,Tompkins,49457
36111,NY,Ulster,56933
36113,NY,Warren,52552
36115,NY,Washington,48522
36117,NY,Wayne,50603
36119,NY,Westchester,83094
36121,NY,Wyoming,51676
36123,NY,Yates,45509
37001,NC,Alamance,43001
37003,NC,Alexander,46064
37005,NC,Alleghany,37086
37007,NC,Anson,33443
37009,NC,Ashe,35155
37011,NC,Avery,34933
37013,NC,Beaufort,39043
37015,NC,Bertie,31610
37017,NC,Bladen,33971
37019,NC,Brunswick,47799
37021,NC,Buncombe,45738
37023,NC,Burke,36150
37025,NC,Cabarrus,55046
37027,NC,Caldwell,34811
37029,NC,Camden,60537
37031,NC,Carteret,46227
37033,NC,Caswell,37122
37035,NC,Catawba,43777
37037,NC,Chatham,56981
37039,NC,Cherokee,34476
37041,NC,Chowan,39143
37043,NC,Clay,37078
37045,NC,Cleveland,40528
37047,NC,Columbus,35026
37049,NC,Craven,45022
37051,NC,Cumberland,44038
37053,NC,Currituck,57577
37055,NC,Dare,52083
37057,NC,Davidson,40424
37059,NC,Davie,49708
37061,NC,Duplin,38106
37063,NC,Durham,52331
37065,NC,Edgecombe,33080
37067,NC,Forsyth,46163
37069,NC,Franklin,39312
37071,NC,Gaston,42461
37073,NC,Gates,48194
37075,NC,Graham,33553
37077,NC,Granville,48680
37079,NC,Greene,39481
37081,NC,Guilford,46093
37083,NC,Halifax,32597
37085,NC,Harnett,45257
37087,NC,Haywood,39320
37089,NC,Henderson,44561
37091,NC,Hertford,33616
37093,NC,Hoke,43987
37095,NC,Hyde,36681
37097,NC,Iredell,49983
37099,NC,Jackson,40511
37101,NC,Johnston,50904
37103,NC,Jones,39602
37105,NC,Lee,48061
37107,NC,Lenoir,34127
37109,NC,Lincoln,50537
37111,NC,McDowell,36840
37113,NC,Macon,37219
37115,NC,Madison,37479
37117,NC,Martin,34761
37119,NC,Mecklenburg,54657
37121,NC,Mitchell,38303
37123,NC,Montgomery,35613
37125,NC,Moore,50169
37127,NC,Nash,41575
37129,NC,New Hanover,48651
37131,NC,Northampton,31732
37133,NC,Onslow,45213
37135,NC,Orange,59472
37137,NC,Pamlico,43517
37139,NC,Pasquotank,40094
37141,NC,Pender,44949
37143,NC,Perquimans,42504
37145,NC,Person,42091
37147,NC,Pitt,40940
37149,NC,Polk,43665
37151,NC,Randolph,40896
37153,NC,Richmond,32825
37155,NC,Robeson,30248
37157,NC,Rockingham,40446
37159,NC,Rowan,41475
37161,NC,Rutherford,35544
37163,NC,Sampson,35890
37165,NC,Scotland,32314
37167,NC,Stanly,42801
37169,NC,Stokes,44552
37171,NC,Surry,36221
37173,NC,Swain,34552
37175,NC,Transylvania,40578
37177,NC,Tyrrell,32642
37179,NC,Union,63912
37181,NC,Vance,35565
37183,NC,Wake,65433
37185,NC,Warren,33767
37187,NC,Washington,31596
37189,NC,Watauga,38380
37191,NC,Wayne,41526
37193,NC,Wilkes,35895
37195,NC,Wilson,40772
37197,NC,Yadkin,40998
37199,NC,Yancey,35866
38001,ND,Adams,44833
38003,ND,Barnes,52035
38005,ND,Benson,42326
38007,ND,Billings,74636
38009,ND,Bottineau,61279
38011,ND,Bowman,60429
38013,ND,Burke,60416
38015,ND,Burleigh,63503
38017,ND,Cass,53077
38019,ND,Cavalier,53577
38021,ND,Dickey,52414
38023,ND,Divide,63616
38025,ND,Dunn,69914
38027,ND,Eddy,46875
38029,ND,Emmons,43438
38031,ND,Foster,55172
38033,ND,Golden Valley,48103
38035,ND,Grand Forks,49697
38037,ND,Grant,45908
38039,ND,Griggs,50570
38041,ND,Hettinger,60171
38043,ND,Kidder,47390
38045,ND,LaMoure,55388
38047,ND,Logan,48520
38049,ND,McHenry,49078
38051,ND,McIntosh,40540
38053,ND,McKenzie,75699
38055,ND,McLean,53604
38057,ND,Mercer,70150
38059,ND,Morton,59650
38061,ND,Mountrail,65546
38063,ND,Nelson,55915
38065,ND,Oliver,66082
38067,ND,Pembina,53983
38069,ND,Pierce,44585
38071,ND,Ramsey,49299
38073,ND,Ransom,58578
38075,ND,Renville,61533
38077,ND,Richland,54312
38079,ND,Rolette,34836
38081,ND,Sargent,58672
38083,ND,Sheridan,43346
38085,ND,Sioux,34491
38087,ND,Slope,59852
38089,ND,Stark,69566
38091,ND,Steele,65730
38093,ND,Stutsman,50941
38095,ND,Towner,55199
38097,ND,Traill,57006
38099,ND,Walsh,48301
38101,ND,Ward,56192
38103,ND,Wells,54251
38105,ND,Williams,84237
39001,OH,Adams,37259
39003,OH,Allen,43274
39005,OH,Ashland,48196
39007,OH,Ashtabula,40899
39009,OH,Athens,35783
39011,OH,Auglaize,54010
39013,OH,Belmont,39264
39015,OH,Brown,43050
39017,OH,Butler,55992
39019,OH,Carroll,44622
39021,OH,Champaign,48516
39023,OH,Clark,44029
39025,OH,Clermont,61398
39027,OH,Clinton,46541
39029,OH,Columbiana,41996
39031,OH,Coshocton,39496
39033,OH,Crawford,38421
39035,OH,Cuyahoga,43653
39037,OH,Darke,43465
39039,OH,Defiance,48971
39041,OH,Delaware,89016
39043,OH,Erie,46495
39045,OH,Fairfield,56697
39047,OH,Fayette,40031
39049,OH,Franklin,51456
39051,OH,Fulton,51454
39053,OH,Gallia,39447
39055,OH,Geauga,69078
39057,OH,Greene,60093
39059,OH,Guernsey,39760
39061,OH,Hamilton,47123
39063,OH,Hancock,48729
39065,OH,Hardin,42474
39067,OH,Harrison,40343
39069,OH,Henry,51105
39071,OH,Highland,40419
39073,OH,Hocking,42376
39075,OH,Holmes,49118
39077,OH,Huron,44825
39079,OH,Jackson,37823
39081,OH,Jefferson,38074
39083,OH,Knox,47053
39085,OH,Lake,55477
39087,OH,Lawrence,41137
39089,OH,Licking,54909
39091,OH,Logan,50077
39093,OH,Lorain,52762
39095,OH,Lucas,40751
39097,OH,Madison,54039
39099,OH,Mahoning,41076
39101,OH,Marion,42862
39103,OH,Medina,66720
39105,OH,Meigs,40023
39107,OH,Mercer,55110
39109,OH,Miami,51892
39111,OH,Monroe,41000
39113,OH,Montgomery,43103
39115,OH,Morgan,36057
39117,OH,Morrow,49980
39119,OH,Muskingum,40399
39121,OH,Noble,42425
39123,OH,Ottawa,51787
39125,OH,Paulding,46921
39127,OH,Perry,41586
39129,OH,Pickaway,52666
39131,OH,Pike,41092
39133,OH,Portage,52576
39135,OH,Preble,47251
39137,OH,Putnam,60562
39139,OH,Richland,40210
39141,OH,Ross,42730
39143,OH,Sandusky,46800
39145,OH,Scioto,36682
39147,OH,Seneca,47121
39149,OH,Shelby,51529
39151,OH,Stark,45199
39153,OH,Summit,49353
39155,OH,Trumbull,41951
39157,OH,Tuscarawas,44121
39159,OH,Union,68650
39161,OH,Van Wert,47169
39163,OH,Vinton,37842
39165,OH,Warren,75041
39167,OH,Washington,41236
39169,OH,Wayne,49580
39171,OH,Williams,45510
39173,OH,Wood,52578
39175,OH,Wyandot,46568
40001,OK,Adair,31997
40003,OK,Alfalfa,50190
40005,OK,Atoka,34973
40007,OK,Beaver,55279
40009,OK,Beckham,49578
40011,OK,Blaine,41276
40013,OK,Bryan,36601
40015,OK,Caddo,37298
40017,OK,Canadian,63889
40019,OK,Carter,43030
40021,OK,Cherokee,36643
40023,OK,Choctaw,30972
40025,OK,Cimarron,39617
40027,OK,Cleveland,54865
40029,OK,Coal,35538
40031,OK,Comanche,42733
40033,OK,Cotton,40608
40035,OK,Craig,36932
40037,OK,Creek,44608
40039,OK,Custer,47399
40041,OK,Delaware,36225
40043,OK,Dewey,49308
40045,OK,Ellis,49804
40047,OK,Garfield,47961
40049,OK,Garvin,38414
40051,OK,Grady,48671
40053,OK,Grant,51119
40055,OK,Greer,34806
40057,OK,Harmon,31707
40059,OK,Harper,45395
40061,OK,Haskell,35045
40063,OK,Hughes,34656
40065,OK,Jackson,41147
40067,OK,Jefferson,31916
40069,OK,Johnston,35171
40071,OK,Kay,41098
40073,OK,Kingfisher,54982
40075,OK,Kiowa,34611
40077,OK,Latimer,36177
40079,OK,Le Flore,35122
40081,OK,Lincoln,42378
40083,OK,Logan,57490
40085,OK,Love,46154
40087,OK,McClain,57784
40089,OK,McCurtain,31319
40091,OK,McIntosh,38094
40093,OK,Major,52226
40095,OK,Marshall,38055
40097,OK,Mayes,41142
40099,OK,Murray,49816
40101,OK,Muskogee,38574
40103,OK,Noble,47028
40105,OK,Nowata,40563
40107,OK,Okfuskee,34982
40109,OK,Oklahoma,45988
40111,OK,Okmulgee,36588
40113,OK,Osage,49999
40115,OK,Ottawa,35921
40117,OK,Pawnee,42967
40119,OK,Payne,39609
40121,OK,Pittsburg,41105
40123,OK,Pontotoc,40479
40125,OK,Pottawatomie,44405
40127,OK,Pushmataha,32352
40129,OK,Roger Mills,53962
40131,OK,Rogers,55865
40133,OK,Seminole,34731
40135,OK,Sequoyah,33912
40137,OK,Stephens,45607
40139,OK,Texas,46914
40141,OK,Tillman,35054
40143,OK,Tulsa,48082
40145,OK,Wagoner,53098
40147,OK,Washington,46836
40149,OK,Washita,46742
40151,OK,Woods,48583
40153,OK,Woodward,54158
41001,OR,Baker,42200
41003,OR,Benton,50714
41005,OR,Clackamas,66514
41007,OR,Clatsop,43048
41009,OR,Columbia,55222
41011,OR,Coos,37583
41013,OR,Crook,43343
41015,OR,Curry,37175
41017,OR,Deschutes,49427
41019,OR,Douglas,40243
41021,OR,Gilliam,50027
41023,OR,Grant,40569
41025,OR,Harney,37041
41027,OR,Hood River,50891
41029,OR,Jackson,43393
41031,OR,Jefferson,41107
41033,OR,Josephine,37619
41035,OR,Klamath,37542
41037,OR,Lake,37856
41039,OR,Lane,43778
41041,OR,Lincoln,39801
41043,OR,Linn,44941
41045,OR,Malheur,34565
41047,OR,Marion,46919
41049,OR,Morrow,51289
41051,OR,Multnomah,53624
41053,OR,Polk,51224
41055,OR,Sherman,52679
41057,OR,Tillamook,41584
41059,OR,Umatilla,47053
41061,OR,Union,41331
41063,OR,Wallowa,42751
41065,OR,Wasco,42461
41067,OR,Washington,63632
41069,OR,Wheeler,33065
41071,OR,Yamhill,57427
42001,PA,Adams,57725
42003,PA,Allegheny,51400
42005,PA,Armstrong,42927
42007,PA,Beaver,49215
42009,PA,Bedford,48003
42011,PA,Berks,55634
42013,PA,Blair,41756
42015,PA,Bradford,49117
42017,PA,Bucks,73662
42019,PA,Butler,58430
42021,PA,Cambria,40930
42023,PA,Cameron,37891
42025,PA,Carbon,44338
42027,PA,Centre,52559
42029,PA,Chester,83775
42031,PA,Clarion,40043
42033,PA,Clearfield,39912
42035,PA,Clinton,44887
42037,PA,Columbia,45564
42039,PA,Crawford,43793
42041,PA,Cumberland,60134
42043,PA,Dauphin,53480
42045,PA,Delaware,64186
42047,PA,Elk,46388
42049,PA,Erie,44223
42051,PA,Fayette,37929
42053,PA,Forest,38087
42055,PA,Franklin,53913
42057,PA,Fulton,46032
42059,PA,Greene,45156
42061,PA,Huntingdon,42479
42063,PA,Indiana,44504
42065,PA,Jefferson,41637
42067,PA,Juniata,46183
42069,PA,Lackawanna,44926
42071,PA,Lancaster,56766
42073,PA,Lawrence,43199
42075,PA,Lebanon,54952
42077,PA,Lehigh,53722
42079,PA,Luzerne,44734
42081,PA,Lycoming,46663
42083,PA,McKean,41653
42085,PA,Mercer,43936
42087,PA,Mifflin,42567
42089,PA,Monroe,55273
42091,PA,Montgomery,77021
42093,PA,Montour,53329
42095,PA,Northampton,59605
42097,PA,Northumberland,41078
42099,PA,Perry,56544
42101,PA,Philadelphia/city,36918
42103,PA,Pike,60168
42105,PA,Potter,39781
42107,PA,Schuylkill,41514
42109,PA,Snyder,45558
42111,PA,Somerset,42712
42113,PA,Sullivan,41668
42115,PA,Susquehanna,49244
42117,PA,Tioga,45052
42119,PA,Union,49488
42121,PA,Venango,41736
42123,PA,Warren,42043
42125,PA,Washington,54919
42127,PA,Wayne,45807
42129,PA,Westmoreland,51412
42131,PA,Wyoming,47012
42133,PA,York,56963
44001,RI,Bristol,68415
44003,RI,Kent,63232
44005,RI,Newport,67291
44007,RI,Providence,47642
44009,RI,Washington,69267
45001,SC,Abbeville,36187
45003,SC,Aiken,43876
45005,SC,Allendale,25753
45007,SC,Anderson,41591
45009,SC,Bamberg,30762
45011,SC,Barnwell,31899
45013,SC,Beaufort,56354
45015,SC,Berkeley,50794
45017,SC,Calhoun,40593
45019,SC,Charleston,51206
45021,SC,Cherokee,37726
45023,SC,Chester,36523
45025,SC,Chesterfield,33591
45027,SC,Clarendon,30096
45029,SC,Colleton,33817
45031,SC,Darlington,34209
45033,SC,Dillon,33696
45035,SC,Dorchester,55193
45037,SC,Edgefield,44862
45039,SC,Fairfield,35531
45041,SC,Florence,41028
45043,SC,Georgetown,41213
45045,SC,Greenville,49476
45047,SC,Greenwood,37217
45049,SC,Hampton,32941
45051,SC,Horry,41808
45053,SC,Jasper,34852
45055,SC,Kershaw,44787
45057,SC,Lancaster,40837
45059,SC,Laurens,36771
45061,SC,Lee,30972
45063,SC,Lexington,53880
45065,SC,McCormick,38186
45067,SC,Marion,28520
45069,SC,Marlboro,31185
45071,SC,Newberry,37890
45073,SC,Oconee,42077
45075,SC,Orangeburg,32180
45077,SC,Pickens,42400
45079,SC,Richland,47492
45081,SC,Saluda,40366
45083,SC,Spartanburg,42638
45085,SC,Sumter,39182
45087,SC,Union,34042
45089,SC,Williamsburg,29391
45091,SC,York,54927
46003,SD,Aurora,46493
46005,SD,Beadle,43682
46007,SD,Bennett,35083
46009,SD,Bon Homme,45803
46011,SD,Brookings,51893
46013,SD,Brown,50047
46015,SD,Brule,45878
46017,SD,Buffalo,21572
46019,SD,Butte,41413
46021,SD,Campbell,47579
46023,SD,Charles Mix,37996
46025,SD,Clark,45592
46027,SD,Clay,41970
46029,SD,Codington,49022
46031,SD,Corson,31418
46033,SD,Custer,51326
46035,SD,Davison,47506
46037,SD,Day,44188
46039,SD,Deuel,52527
46041,SD,Dewey,34389
46043,SD,Douglas,48344
46045,SD,Edmunds,51352
46047,SD,Fall River,39552
46049,SD,Faulk,50092
46051,SD,Grant,51065
46053,SD,Gregory,35589
46055,SD,Haakon,45456
46057,SD,Hamlin,56860
46059,SD,Hand,50737
46061,SD,Hanson,57800
46063,SD,Harding,43860
46065,SD,Hughes,57538
46067,SD,Hutchinson,44958
46069,SD,Hyde,47072
46071,SD,Jackson,35387
46073,SD,Jerauld,48126
46075,SD,Jones,45095
46077,SD,Kingsbury,50045
46079,SD,Lake,53116
46081,SD,Lawrence,42867
46083,SD,Lincoln,78567
46085,SD,Lyman,40057
46087,SD,McCook,53478
46089,SD,McPherson,38222
46091,SD,Marshall,49254
46093,SD,Meade,50711
46095,SD,Mellette,33460
46097,SD,Miner,45787
46099,SD,Minnehaha,52382
46101,SD,Moody,53712
46102,SD,Oglala Lakota,#N/A
46103,SD,Pennington,48886
46105,SD,Perkins,40042
46107,SD,Potter,50887
46109,SD,Roberts,44626
46111,SD,Sanborn,46936
46115,SD,Spink,50274
46117,SD,Stanley,57188
46119,SD,Sully,57620
46121,SD,Todd,30549
46123,SD,Tripp,40975
46125,SD,Turner,53115
46127,SD,Union,66831
46129,SD,Walworth,41030
46135,SD,Yankton,46599
46137,SD,Ziebach,30465
47001,TN,Anderson,42365
47003,TN,Bedford,42288
47005,TN,Benton,35559
47007,TN,Bledsoe,35715
47009,TN,Blount,45348
47011,TN,Bradley,42665
47013,TN,Campbell,32325
47015,TN,Cannon,40809
47017,TN,Carroll,35929
47019,TN,Carter,32773
47021,TN,Cheatham,52544
47023,TN,Chester,40779
47025,TN,Claiborne,32775
47027,TN,Clay,30587
47029,TN,Cocke,30950
47031,TN,Coffee,43375
47033,TN,Crockett,37085
47035,TN,Cumberland,36163
47037,TN,Davidson,47239
47039,TN,Decatur,36213
47041,TN,DeKalb,37392
47043,TN,Dickson,44991
47045,TN,Dyer,40158
47047,TN,Fayette,56058
47049,TN,Fentress,31065
47051,TN,Franklin,41477
47053,TN,Gibson,40083
47055,TN,Giles,39880
47057,TN,Grainger,35301
47059,TN,Greene,35980
47061,TN,Grundy,26101
47063,TN,Hamblen,38807
47065,TN,Hamilton,47373
47067,TN,Hancock,26000
47069,TN,Hardeman,34766
47071,TN,Hardin,36154
47073,TN,Hawkins,36102
47075,TN,Haywood,34557
47077,TN,Henderson,40960
47079,TN,Henry,37327
47081,TN,Hickman,33816
47083,TN,Houston,37743
47085,TN,Humphreys,41954
47087,TN,Jackson,33158
47089,TN,Jefferson,40490
47091,TN,Johnson,30652
47093,TN,Knox,49105
47095,TN,Lake,28391
47097,TN,Lauderdale,32169
47099,TN,Lawrence,39532
47101,TN,Lewis,35097
47103,TN,Lincoln,41453
47105,TN,Loudon,53230
47107,TN,McMinn,40543
47109,TN,McNairy,34596
47111,TN,Macon,35432
47113,TN,Madison,40750
47115,TN,Marion,42128
47117,TN,Marshall,42363
47119,TN,Maury,46497
47121,TN,Meigs,37874
47123,TN,Monroe,38061
47125,TN,Montgomery,51059
47127,TN,Moore,50802
47129,TN,Morgan,38027
47131,TN,Obion,34469
47133,TN,Overton,35457
47135,TN,Perry,33017
47137,TN,Pickett,32398
47139,TN,Polk,37375
47141,TN,Putnam,35554
47143,TN,Rhea,38860
47145,TN,Roane,42037
47147,TN,Robertson,51093
47149,TN,Rutherford,57056
47151,TN,Scott,27749
47153,TN,Sequatchie,46460
47155,TN,Sevier,40444
47157,TN,Shelby,45067
47159,TN,Smith,43689
47161,TN,Stewart,43513
47163,TN,Sullivan,40385
47165,TN,Sumner,56077
47167,TN,Tipton,53183
47169,TN,Trousdale,41286
47171,TN,Unicoi,36568
47173,TN,Union,35255
47175,TN,Van Buren,37393
47177,TN,Warren,36327
47179,TN,Washington,41542
47181,TN,Wayne,33318
47183,TN,Weakley,34809
47185,TN,White,34320
47187,TN,Williamson,93241
47189,TN,Wilson,59655
48001,TX,Anderson,41279
48003,TX,Andrews,62781
48005,TX,Angelina,41804
48007,TX,Aransas,41666
48009,TX,Archer,56805
48011,TX,Armstrong,52122
48013,TX,Atascosa,46631
48015,TX,Austin,52042
48017,TX,Bailey,37626
48019,TX,Bandera,50334
48021,TX,Bastrop,50151
48023,TX,Baylor,34563
48025,TX,Bee,41804
48027,TX,Bell,50223
48029,TX,Bexar,49655
48031,TX,Blanco,54914
48033,TX,Borden,60443
48035,TX,Bosque,42864
48037,TX,Bowie,41657
48039,TX,Brazoria,66337
48041,TX,Brazos,39732
48043,TX,Brewster,39106
48045,TX,Briscoe,40235
48047,TX,Brooks,27644
48049,TX,Brown,38636
48051,TX,Burleson,45732
48053,TX,Burnet,49286
48055,TX,Caldwell,46021
48057,TX,Calhoun,51004
48059,TX,Callahan,42138
48061,TX,Cameron,33905
48063,TX,Camp,37941
48065,TX,Carson,59252
48067,TX,Cass,37546
48069,TX,Castro,40689
48071,TX,Chambers,74915
48073,TX,Cherokee,37735
48075,TX,Childress,33919
48077,TX,Clay,50336
48079,TX,Cochran,37242
48081,TX,Coke,38866
48083,TX,Coleman,33014
48085,TX,Collin,81315
48087,TX,Collingsworth,35389
48089,TX,Colorado,42438
48091,TX,Comal,70322
48093,TX,Comanche,35434
48095,TX,Concho,39035
48097,TX,Cooke,53565
48099,TX,Coryell,50161
48101,TX,Cottle,32292
48103,TX,Crane,58901
48105,TX,Crockett,50243
48107,TX,Crosby,35443
48109,TX,Culberson,32945
48111,TX,Dallam,42378
48113,TX,Dallas,47902
48115,TX,Dawson,38333
48117,TX,Deaf Smith,37991
48119,TX,Delta,37985
48121,TX,Denton,75099
48123,TX,DeWitt,45937
48125,TX,Dickens,35491
48127,TX,Dimmit,35801
48129,TX,Donley,34861
48131,TX,Duval,35118
48133,TX,Eastland,39959
48135,TX,Ector,53752
48137,TX,Edwards,35339
48139,TX,Ellis,59257
48141,TX,El Paso,39748
48143,TX,Erath,40346
48145,TX,Falls,34376
48147,TX,Fannin,42392
48149,TX,Fayette,50938
48151,TX,Fisher,40691
48153,TX,Floyd,36534
48155,TX,Foard,33484
48157,TX,Fort Bend,87901
48159,TX,Franklin,41497
48161,TX,Freestone,44408
48163,TX,Frio,35405
48165,TX,Gaines,49661
48167,TX,Galveston,60210
48169,TX,Garza,47134
48171,TX,Gillespie,50443
48173,TX,Glasscock,65789
48175,TX,Goliad,48458
48177,TX,Gonzales,37051
48179,TX,Gray,48623
48181,TX,Grayson,44596
48183,TX,Gregg,46501
48185,TX,Grimes,44486
48187,TX,Guadalupe,59288
48189,TX,Hale,39209
48191,TX,Hall,30380
48193,TX,Hamilton,39448
48195,TX,Hansford,52207
48197,TX,Hardeman,36726
48199,TX,Hardin,52037
48201,TX,Harris,52533
48203,TX,Harrison,43777
48205,TX,Hartley,64558
48207,TX,Haskell,34473
48209,TX,Hays,59260
48211,TX,Hemphill,69124
48213,TX,Henderson,39069
48215,TX,Hidalgo,34607
48217,TX,Hill,40253
48219,TX,Hockley,50047
48221,TX,Hood,59053
48223,TX,Hopkins,41863
48225,TX,Houston,34777
48227,TX,Howard,46636
48229,TX,Hudspeth,31354
48231,TX,Hunt,44361
48233,TX,Hutchinson,50060
48235,TX,Irion,58826
48237,TX,Jack,50168
48239,TX,Jackson,48338
48241,TX,Jasper,39414
48243,TX,Jeff Davis,44234
48245,TX,Jefferson,42099
48247,TX,Jim Hogg,35854
48249,TX,Jim Wells,41249
48251,TX,Johnson,55960
48253,TX,Jones,40621
48255,TX,Karnes,43413
48257,TX,Kaufman,61004
48259,TX,Kendall,75860
48261,TX,Kenedy,38088
48263,TX,Kent,41038
48265,TX,Kerr,42456
48267,TX,Kimble,38019
48269,TX,King,56680
48271,TX,Kinney,41271
48273,TX,Kleberg,39261
48275,TX,Knox,34419
48277,TX,Lamar,37593
48279,TX,Lamb,36717
48281,TX,Lampasas,48746
48283,TX,La Salle,35491
48285,TX,Lavaca,43827
48287,TX,Lee,52088
48289,TX,Leon,43617
48291,TX,Liberty,46176
48293,TX,Limestone,36537
48295,TX,Lipscomb,56484
48297,TX,Live Oak,49726
48299,TX,Llano,45669
48301,TX,Loving,44407
48303,TX,Lubbock,46223
48305,TX,Lynn,37678
48307,TX,McCulloch,38408
48309,TX,McLennan,41066
48311,TX,McMullen,56686
48313,TX,Madison,37460
48315,TX,Marion,36090
48317,TX,Martin,50004
48319,TX,Mason,42087
48321,TX,Matagorda,42036
48323,TX,Maverick,32073
48325,TX,Medina,53714
48327,TX,Menard,31390
48329,TX,Midland,71151
48331,TX,Milam,40120
48333,TX,Mills,40318
48335,TX,Mitchell,47677
48337,TX,Montague,41516
48339,TX,Montgomery,69317
48341,TX,Moore,46991
48343,TX,Morris,36366
48345,TX,Motley,37159
48347,TX,Nacogdoches,36775
48349,TX,Navarro,38423
48351,TX,Newton,38544
48353,TX,Nolan,35846
48355,TX,Nueces,48324
48357,TX,Ochiltree,60650
48359,TX,Oldham,52431
48361,TX,Orange,51340
48363,TX,Palo Pinto,39660
48365,TX,Panola,49792
48367,TX,Parker,61199
48369,TX,Parmer,41784
48371,TX,Pecos,43766
48373,TX,Polk,39833
48375,TX,Potter,37366
48377,TX,Presidio,32766
48379,TX,Rains,42183
48381,TX,Randall,60439
48383,TX,Reagan,61724
48385,TX,Real,34556
48387,TX,Red River,31409
48389,TX,Reeves,37053
48391,TX,Refugio,45214
48393,TX,Roberts,70127
48395,TX,Robertson,40631
48397,TX,Rockwall,92466
48399,TX,Runnels,36769
48401,TX,Rusk,44349
48403,TX,Sabine,37576
48405,TX,San Augustine,32140
48407,TX,San Jacinto,42320
48409,TX,San Patricio,46781
48411,TX,San Saba,36030
48413,TX,Schleicher,50402
48415,TX,Scurry,53219
48417,TX,Shackelford,51116
48419,TX,Shelby,36565
48421,TX,Sherman,48054
48423,TX,Smith,47711
48425,TX,Somervell,56282
48427,TX,Starr,25408
48429,TX,Stephens,43779
48431,TX,Sterling,57266
48433,TX,Stonewall,42158
48435,TX,Sutton,59098
48437,TX,Swisher,35601
48439,TX,Tarrant,56906
48441,TX,Taylor,44081
48443,TX,Terrell,36712
48445,TX,Terry,37489
48447,TX,Throckmorton,41582
48449,TX,Titus,40501
48451,TX,Tom Green,45405
48453,TX,Travis,60372
48455,TX,Trinity,33447
48457,TX,Tyler,40986
48459,TX,Upshur,46489
48461,TX,Upton,54549
48463,TX,Uvalde,35813
48465,TX,Val Verde,38645
48467,TX,Van Zandt,43220
48469,TX,Victoria,51544
48471,TX,Walker,40092
48473,TX,Waller,49326
48475,TX,Ward,51026
48477,TX,Washington,49472
48479,TX,Webb,38652
48481,TX,Wharton,42862
48483,TX,Wheeler,51922
48485,TX,Wichita,43473
48487,TX,Wilbarger,37840
48489,TX,Willacy,28945
48491,TX,Williamson,71252
48493,TX,Wilson,60844
48495,TX,Winkler,54294
48497,TX,Wise,58392
48499,TX,Wood,45763
48501,TX,Yoakum,57995
48503,TX,Young,44372
48505,TX,Zapata,34506
48507,TX,Zavala,25291
49001,UT,Beaver,46138
49003,UT,Box Elder,60372
49005,UT,Cache,49556
49007,UT,Carbon,44594
49009,UT,Daggett,53080
49011,UT,Davis,70456
49013,UT,Duchesne,61386
49015,UT,Emery,52070
49017,UT,Garfield,43798
49019,UT,Grand,42368
49021,UT,Iron,43439
49023,UT,Juab,51942
49025,UT,Kane,46350
49027,UT,Millard,51424
49029,UT,Morgan,83496
49031,UT,Piute,37897
49033,UT,Rich,54640
49035,UT,Salt Lake,61716
49037,UT,San Juan,40327
49039,UT,Sanpete,45338
49041,UT,Sevier,49877
49043,UT,Summit,81907
49045,UT,Tooele,59400
49047,UT,Uintah,62028
49049,UT,Utah,60069
49051,UT,Wasatch,64423
49053,UT,Washington,50378
49055,UT,Wayne,38945
49057,UT,Weber,54055
50001,VT,Addison,54683
50003,VT,Bennington,48290
50005,VT,Caledonia,43011
50007,VT,Chittenden,62618
50009,VT,Essex,36140
50011,VT,Franklin,55912
50013,VT,Grand Isle,57559
50015,VT,Lamoille,46742
50017,VT,Orange,51348
50019,VT,Orleans,40522
50021,VT,Rutland,45757
50023,VT,Washington,52619
50025,VT,Windham,46642
50027,VT,Windsor,51218
51001,VA,Accomack,38064
51003,VA,Albemarle,70032
51005,VA,Alleghany,44983
51007,VA,Amelia,52055
51009,VA,Amherst,47268
51011,VA,Appomattox,44062
51013,VA,Arlington,101533
51015,VA,Augusta,54834
51017,VA,Bath,42951
51019,VA,Bedford,56888
51021,VA,Bland,41939
51023,VA,Botetourt,61005
51025,VA,Brunswick,37800
51027,VA,Buchanan,31621
51029,VA,Buckingham,39538
51031,VA,Campbell,47982
51033,VA,Caroline,55760
51035,VA,Carroll,36218
51036,VA,Charles City,48394
51037,VA,Charlotte,35715
51041,VA,Chesterfield,67454
51043,VA,Clarke,74384
51045,VA,Craig,45527
51047,VA,Culpeper,63876
51049,VA,Cumberland,41799
51051,VA,Dickenson,33386
51053,VA,Dinwiddie,51864
51057,VA,Essex,44427
51059,VA,Fairfax,110658
51061,VA,Fauquier,82705
51063,VA,Floyd,41652
51065,VA,Fluvanna,63117
51067,VA,Franklin,48070
51069,VA,Frederick,68166
51071,VA,Giles,43504
51073,VA,Gloucester,58824
51075,VA,Goochland,76843
51077,VA,Grayson,33302
51079,VA,Greene,59730
51081,VA,Greensville,38036
51083,VA,Halifax,35553
51085,VA,Hanover,77316
51087,VA,Henrico,60050
51089,VA,Henry,36066
51091,VA,Highland,38314
51093,VA,Isle of Wight,62495
51095,VA,James City,75806
51097,VA,King and Queen,44697
51099,VA,King George,78180
51101,VA,King William,61183
51103,VA,Lancaster,46578
51105,VA,Lee,32092
51107,VA,Loudoun,117680
51109,VA,Louisa,53170
51111,VA,Lunenburg,37712
51113,VA,Madison,51805
51115,VA,Mathews,55128
51117,VA,Mecklenburg,38439
51119,VA,Middlesex,47399
51121,VA,Montgomery,46024
51125,VA,Nelson,45990
51127,VA,New Kent,72150
51131,VA,Northampton,36211
51133,VA,Northumberland,49054
51135,VA,Nottoway,34805
51137,VA,Orange,60829
51139,VA,Page,41070
51141,VA,Patrick,34654
51143,VA,Pittsylvania,40608
51145,VA,Powhatan,74820
51147,VA,Prince Edward,39077
51149,VA,Prince George,65625
51153,VA,Prince William,93671
51155,VA,Pulaski,43555
51157,VA,Rappahannock,60945
51159,VA,Richmond,42738
51161,VA,Roanoke,57663
51163,VA,Rockbridge,46882
51165,VA,Rockingham,55636
51167,VA,Russell,36107
51169,VA,Scott,38336
51171,VA,Shenandoah,47874
51173,VA,Smyth,37475
51175,VA,Southampton,46547
51177,VA,Spotsylvania,73112
51179,VA,Stafford,93014
51181,VA,Surry,50554
51183,VA,Sussex,38948
51185,VA,Tazewell,38336
51187,VA,Warren,56291
51191,VA,Washington,42242
51193,VA,Westmoreland,45927
51195,VA,Wise,37490
51197,VA,Wythe,41168
51199,VA,York,78327
51510,VA,Alexandria city,85562
51520,VA,Bristol city,35167
51530,VA,Buena Vista city,36915
51540,VA,Charlottesville city,45320
51550,VA,Chesapeake city,66516
51570,VA,Colonial Heights city,49715
51580,VA,Covington city,33904
51590,VA,Danville city,30940
51595,VA,Emporia city,32676
51600,VA,Fairfax city,89507
51610,VA,Falls Church city,117452
51620,VA,Franklin city,36326
51630,VA,Fredericksburg city,48152
51640,VA,Galax city,33737
51650,VA,Hampton city,45293
51660,VA,Harrisonburg city,37588
51670,VA,Hopewell city,39440
51678,VA,Lexington city,41521
51680,VA,Lynchburg city,39918
51683,VA,Manassas city,70133
51685,VA,Manassas Park city,71742
51690,VA,Martinsville city,31046
51700,VA,Newport News city,47421
51710,VA,Norfolk city,42949
51720,VA,Norton city,32303
51730,VA,Petersburg city,32623
51735,VA,Poquoson city,82815
51740,VA,Portsmouth city,43041
51750,VA,Radford city,34635
51760,VA,Richmond city,39249
51770,VA,Roanoke city,37223
51775,VA,Salem city,47837
51790,VA,Staunton city,39712
51800,VA,Suffolk city,59468
51810,VA,Virginia Beach city,62509
51820,VA,Waynesboro city,42434
51830,VA,Williamsburg city,47880
51840,VA,Winchester city,43943
53001,WA,Adams,45171
53003,WA,Asotin,42842
53005,WA,Benton,59264
53007,WA,Chelan,50033
53009,WA,Clallam,46531
53011,WA,Clark,57886
53013,WA,Columbia,42332
53015,WA,Cowlitz,48447
53017,WA,Douglas,49293
53019,WA,Ferry,38302
53021,WA,Franklin,52720
53023,WA,Garfield,46157
53025,WA,Grant,46065
53027,WA,Grays Harbor,41791
53029,WA,Island,53306
53031,WA,Jefferson,47709
53033,WA,King,71779
53035,WA,Kitsap,62516
53037,WA,Kittitas,47287
53039,WA,Klickitat,47960
53041,WA,Lewis,41325
53043,WA,Lincoln,47895
53045,WA,Mason,46886
53047,WA,Okanogan,39014
53049,WA,Pacific,35703
53051,WA,Pend Oreille,44882
53053,WA,Pierce,57619
53055,WA,San Juan,56667
53057,WA,Skagit,52525
53059,WA,Skamania,52967
53061,WA,Snohomish,67443
53063,WA,Spokane,47577
53065,WA,Stevens,43675
53067,WA,Thurston,59877
53069,WA,Wahkiakum,46659
53071,WA,Walla Walla,46294
53073,WA,Whatcom,51119
53075,WA,Whitman,42702
53077,WA,Yakima,41918
54001,WV,Barbour,35558
54003,WV,Berkeley,54010
54005,WV,Boone,38098
54007,WV,Braxton,35296
54009,WV,Brooke,43719
54011,WV,Cabell,37628
54013,WV,Calhoun,31946
54015,WV,Clay,32640
54017,WV,Doddridge,39399
54019,WV,Fayette,33720
54021,WV,Gilmer,35344
54023,WV,Grant,38268
54025,WV,Greenbrier,37218
54027,WV,Hampshire,37444
54029,WV,Hancock,40249
54031,WV,Hardy,36053
54033,WV,Harrison,42197
54035,WV,Jackson,38640
54037,WV,Jefferson,64916
54039,WV,Kanawha,45858
54041,WV,Lewis,38462
54043,WV,Lincoln,35524
54045,WV,Logan,35773
54047,WV,McDowell,25205
54049,WV,Marion,41705
54051,WV,Marshall,41583
54053,WV,Mason,36454
54055,WV,Mercer,34320
54057,WV,Mineral,38320
54059,WV,Mingo,32431
54061,WV,Monongalia,47281
54063,WV,Monroe,36787
54065,WV,Morgan,42719
54067,WV,Nicholas,38451
54069,WV,Ohio,41009
54071,WV,Pendleton,36868
54073,WV,Pleasants,43172
54075,WV,Pocahontas,32199
54077,WV,Preston,42187
54079,WV,Putnam,56102
54081,WV,Raleigh,39998
54083,WV,Randolph,35458
54085,WV,Ritchie,38147
54087,WV,Roane,35982
54089,WV,Summers,31051
54091,WV,Taylor,38720
54093,WV,Tucker,37591
54095,WV,Tyler,39401
54097,WV,Upshur,37676
54099,WV,Wayne,38676
54101,WV,Webster,31805
54103,WV,Wetzel,39444
54105,WV,Wirt,37132
54107,WV,Wood,41205
54109,WV,Wyoming,34525
55001,WI,Adams,43814
55003,WI,Ashland,37909
55005,WI,Barron,44086
55007,WI,Bayfield,45466
55009,WI,Brown,51956
55011,WI,Buffalo,48418
55013,WI,Burnett,41388
55015,WI,Calumet,66657
55017,WI,Chippewa,49491
55019,WI,Clark,42477
55021,WI,Columbia,57613
55023,WI,Crawford,41598
55025,WI,Dane,60326
55027,WI,Dodge,51623
55029,WI,Door,51761
55031,WI,Douglas,43417
55033,WI,Dunn,50425
55035,WI,Eau Claire,49345
55037,WI,Florence,44139
55039,WI,Fond du Lac,54649
55041,WI,Forest,40153
55043,WI,Grant,45854
55045,WI,Green,55732
55047,WI,Green Lake,44184
55049,WI,Iowa,53186
55051,WI,Iron,37412
55053,WI,Jackson,46442
55055,WI,Jefferson,52399
55057,WI,Juneau,45167
55059,WI,Kenosha,51929
55061,WI,Kewaunee,52954
55063,WI,La Crosse,51324
55065,WI,Lafayette,46422
55067,WI,Langlade,42025
55069,WI,Lincoln,47721
55071,WI,Manitowoc,47835
55073,WI,Marathon,51830
55075,WI,Marinette,41446
55077,WI,Marquette,47760
55078,WI,Menominee,32769
55079,WI,Milwaukee,42058
55081,WI,Monroe,51411
55083,WI,Oconto,52800
55085,WI,Oneida,46773
55087,WI,Outagamie,57124
55089,WI,Ozaukee,74392
55091,WI,Pepin,50728
55093,WI,Pierce,60824
55095,WI,Polk,49138
55097,WI,Portage,51587
55099,WI,Price,43004
55101,WI,Racine,54403
55103,WI,Richland,43635
55105,WI,Rock,49157
55107,WI,Rusk,37350
55109,WI,St. Croix,69641
55111,WI,Sauk,50923
55113,WI,Sawyer,40608
55115,WI,Shawano,45953
55117,WI,Sheboygan,52106
55119,WI,Taylor,45985
55121,WI,Trempealeau,50953
55123,WI,Vernon,47063
55125,WI,Vilas,40454
55127,WI,Walworth,52610
55129,WI,Washburn,43588
55131,WI,Washington,67276
55133,WI,Waukesha,75652
55135,WI,Waupaca,48056
55137,WI,Waushara,43175
55139,WI,Winnebago,50469
55141,WI,Wood,48723
56001,WY,Albany,42443
56003,WY,Big Horn,49052
56005,WY,Campbell,81652
56007,WY,Carbon,54210
56009,WY,Converse,62438
56011,WY,Crook,59490
56013,WY,Fremont,51920
56015,WY,Goshen,43311
56017,WY,Hot Springs,42694
56019,WY,Johnson,51521
56021,WY,Laramie,59712
56023,WY,Lincoln,67256
56025,WY,Natrona,57701
56027,WY,Niobrara,43994
56029,WY,Park,50967
56031,WY,Platte,48621
56033,WY,Sheridan,51628
56035,WY,Sublette,74951
56037,WY,Sweetwater,72899
56039,WY,Teton,70201
56041,WY,Uinta,60953
56043,WY,Washakie,50740
56045,WY,Weston,59314
72001,PR,Adjuntas Municipio,#N/A
72003,PR,Aguada Municipio,#N/A
72005,PR,Aguadilla Municipio,#N/A
72007,PR,Aguas Buenas Municipio,#N/A
72009,PR,Aibonito Municipio,#N/A
72011,PR,Anasco Municipio,#N/A
72013,PR,Arecibo Municipio,#N/A
72015,PR,Arroyo Municipio,#N/A
72017,PR,Barceloneta Municipio,#N/A
72019,PR,Barranquitas Municipio,#N/A
72021,PR,Bayamon Municipio,#N/A
72023,PR,Cabo Rojo Municipio,#N/A
72025,PR,Caguas Municipio,#N/A
72027,PR,Camuy Municipio,#N/A
72029,PR,Canovanas Municipio,#N/A
72031,PR,Carolina Municipio,#N/A
72033,PR,Catano Municipio,#N/A
72035,PR,Cayey Municipio,#N/A
72037,PR,Ceiba Municipio,#N/A
72039,PR,Ciales Municipio,#N/A
72041,PR,Cidra Municipio,#N/A
72043,PR,Coamo Municipio,#N/A
72045,PR,Comerio Municipio,#N/A
72047,PR,Corozal Municipio,#N/A
72049,PR,Culebra Municipio,#N/A
72051,PR,Dorado Municipio,#N/A
72053,PR,Fajardo Municipio,#N/A
72054,PR,Florida Municipio,#N/A
72055,PR,Guanica Municipio,#N/A
72057,PR,Guayama Municipio,#N/A
72059,PR,Guayanilla Municipio,#N/A
72061,PR,Guaynabo Municipio,#N/A
72063,PR,Gurabo Municipio,#N/A
72065,PR,Hatillo Municipio,#N/A
72067,PR,Hormigueros Municipio,#N/A
72069,PR,Humacao Municipio,#N/A
72071,PR,Isabela Municipio,#N/A
72073,PR,Jayuya Municipio,#N/A
72075,PR,Juana Diaz Municipio,#N/A
72077,PR,Juncos Municipio,#N/A
72079,PR,Lajas Municipio,#N/A
72081,PR,Lares Municipio,#N/A
72083,PR,Las Marias Municipio,#N/A
72085,PR,Las Piedras Municipio,#N/A
72087,PR,Loiza Municipio,#N/A
72089,PR,Luquillo Municipio,#N/A
72091,PR,Manati Municipio,#N/A
72093,PR,Maricao Municipio,#N/A
72095,PR,Maunabo Municipio,#N/A
72097,PR,Mayaguez Municipio,#N/A
72099,PR,Moca Municipio,#N/A
72101,PR,Morovis Municipio,#N/A
72103,PR,Naguabo Municipio,#N/A
72105,PR,Naranjito Municipio,#N/A
72107,PR,Orocovis Municipio,#N/A
72109,PR,Patillas Municipio,#N/A
72111,PR,Penuelas Municipio,#N/A
72113,PR,Ponce Municipio,#N/A
72115,PR,Quebradillas Municipio,#N/A
72117,PR,Rincon Municipio,#N/A
72119,PR,Rio Grande Municipio,#N/A
72121,PR,Sabana Grande Municipio,#N/A
72123,PR,Salinas Municipio,#N/A
72125,PR,San German Municipio,#N/A
72127,PR,San Juan Municipio,#N/A
72129,PR,San Lorenzo Municipio,#N/A
72131,PR,San Sebastian Municipio,#N/A
72133,PR,Santa Isabel Municipio,#N/A
72135,PR,Toa Alta Municipio,#N/A
72137,PR,Toa Baja Municipio,#N/A
72139,PR,Trujillo Alto Municipio,#N/A
72141,PR,Utuado Municipio,#N/A
72143,PR,Vega Alta Municipio,#N/A
72145,PR,Vega Baja Municipio,#N/A
72147,PR,Vieques Municipio,#N/A
72149,PR,Villalba Municipio,#N/A
72151,PR,Yabucoa Municipio,#N/A
72153,PR,Yauco Municipio,#N/A
